0,1,2,3,4,5,6,7,8,9,Y
0.11623841469298002,0.13622560033178152,0.07182852788528918,0.1360943900850723,0.05098544684749059,0.020240390851946937,0.22541901313030688,0.12634747803429844,0.049359311678091905,0.06726142646274257,0
0.050339702575068215,0.3301563942249039,0.058760355037802525,0.07792718613813812,0.10317579120937667,0.02404902769354313,0.04520123298297418,0.12462438151261261,0.06204276736414813,0.12372316126143293,3
0.18155576591301412,0.01957087268843075,0.02229751139273824,0.062373204467022304,0.029660805150209562,0.034356373636892604,0.004431017472713266,0.008517647053709795,0.039923330852309036,0.5973134713729606,9
0.0008376867109608267,0.0005723404013282851,4.860718278603086e-07,8.395388390405021e-05,6.429966446257025e-05,0.9983681056694547,1.9653536822028187e-07,5.3121241763230964e-06,3.2913152434053534e-05,3.47057860834835e-05,5
0.022196753890970537,0.30381872029485546,0.08401102897241465,0.1069359131050361,0.11119810617346679,0.01619303067736656,0.026744705196343033,0.1092758408377009,0.15801820483478007,0.06160769601706623,1
0.024099068213115846,0.007689803228307659,0.019887552099900126,0.10172987028030306,0.013040624741409521,0.034742634007267306,0.672667486168827,0.01975437627207977,0.06417159130248999,0.04221699368629932,6
8.771834184919698e-05,0.0003262118147815118,1.9903692327205807e-05,0.00047500808131428047,0.00019475328729760466,0.9980911790016472,8.15302909990267e-06,0.00012561479664653918,0.00037193688307521675,0.00029952107196116974,5
0.003996743400097104,0.9805458548566126,0.00014379996233801208,0.000731474972189178,0.00038630420519968815,0.003233179462163233,3.470518453953468e-05,0.0007767292271774731,0.010054457025037038,9.675170464599366e-05,1
0.5040938780387612,0.010560321001718956,0.16259811771258526,0.12965025882748257,0.02499039026177743,0.013863741849965019,0.002250418748084536,0.008865915414098889,0.12224463911990517,0.02088231902562092,0
0.008551012261122858,0.014660711191160334,0.8882443269519301,0.03313815290592831,0.002444783761707814,0.008129527254168331,0.0016496178536426107,0.0072911092335599835,0.02124882125840189,0.014641937328377404,2
0.04263313948420672,0.05951331120041786,0.05864444367618149,0.15786294746209203,0.0592240203737526,0.009087355925230857,0.11055759812331896,0.16666131786990282,0.06454317724586137,0.27127268863903514,9
0.06149615530438514,0.12564742963875392,0.10652619978392582,0.09199446833206312,0.07895176995647366,0.018987630608665877,0.0628769724921565,0.2770206314937456,0.10674885220274563,0.0697498901870847,7
0.014507359361880766,0.02126866874884854,0.009872782117212422,0.03805842493493786,0.013931660853624074,0.006795953609025196,0.8272388774863582,0.018789157850917584,0.033051310645805375,0.016485804391389983,6
0.9989596869785149,6.8239200792413e-06,1.2546015290282491e-06,1.8679739101383705e-05,7.853034645050697e-07,0.0006063418651533081,3.440512796232552e-07,9.838589348010955e-06,0.00023845531414595317,0.0001577896373842452,0
0.016826522827841073,0.04112249136057933,0.09823791501474728,0.04547837178337059,0.06013653988406669,0.004913267830833392,0.45120297399182363,0.0891650296729316,0.03678603325131995,0.15613085438248647,1
0.10300661190510058,0.049069391063321664,0.011065097992795604,0.144683196626314,0.3334131294770995,0.008271160766668345,0.10199490068594429,0.06006183507430141,0.033888987625851234,0.15454568878260302,4
0.02722899972209214,0.061102646170177445,0.08038802023877424,0.06469080918875371,0.1411537207583292,0.00729221594510502,0.12517701697794184,0.16598139516628782,0.06592893634758498,0.26105623948495393,1
0.05533874286914467,0.4745749908250689,0.05028674291864321,0.19252873649338811,0.016110136403383823,0.0073322114222424874,0.0209975684799449,0.06575992359593677,0.052557085011443336,0.06451386198080387,1
0.09398107287111046,0.04923916121404539,0.04818644828550369,0.3202935215746028,0.036509632527805695,0.032679394847658395,0.01327720400075508,0.1100416252498335,0.13843203802771975,0.15735990140096554,3
0.03581302001129745,0.10712438883690797,0.005400691290700168,0.5714700265607119,0.019300611394119038,0.025273943301324476,0.0006664528110339818,0.006435987477009174,0.11772471581639768,0.11079016250049853,3
0.4231334864465221,0.33090566996828547,0.02704639242237546,0.14166067236335186,0.00780522864026316,0.0034704034962508277,0.0008779937614493151,0.0037866233967171325,0.0504671100483849,0.010846419456399492,0
0.06538720466098358,0.03582979750699786,0.1396018855858449,0.182056135437262,0.04865203262933415,0.16146986377529524,0.010646024970989034,0.1984025706323323,0.06132414253124432,0.09663034226971665,5
0.045415383924091446,0.07906825823839059,0.055889144462501955,0.07962255975551054,0.2128006431612835,0.019788822172869536,0.011481699536481258,0.3177088420374219,0.086916218092441,0.09130842861900866,7
0.09687446558078114,0.11571843160945992,0.01666455821536548,0.05644529257498855,0.018926586704522484,0.12215995637179372,0.004571913940658827,0.01158657625505055,0.47743067195132766,0.079621546796052,8
0.09132981493043812,0.05147413861515206,0.06355809062312827,0.1717914316545805,0.06880429303537916,0.020393747574071232,0.2687149674684763,0.057253236696786516,0.06401293917863836,0.14266734022334945,6
0.33903089952324295,0.04976499321938203,0.004791396881851807,0.16023436552285597,0.023494779251975965,0.049148517582068875,0.05147875777890112,0.061292570778102407,0.20670005449756487,0.054063664964054146,6
0.43718817117157904,0.05273515500498686,0.008471417217949102,0.03851845070133656,0.03961655314869117,0.03121863110381261,0.012900249601586034,0.06991641028691317,0.03900982208895981,0.27042513967418585,9
0.01550107423335268,0.16006753405791052,0.09966288402550301,0.05023433455844568,0.15226439083324145,0.006861230816427982,0.0248924453402758,0.11378973946750719,0.14860389378411132,0.22812247288322474,1
0.027220650117218012,0.012409332738970552,0.8763651587674344,0.009159784068450885,0.003350842358238128,0.026590447899682422,0.0016776058829798778,0.036086264902637034,0.005710413345975002,0.0014294999184136696,2
0.05445288572711891,0.09656389465191907,0.030407371278333557,0.3702717276594117,0.04885948515531946,0.016789500763555322,0.003914264000647749,0.23172285228787654,0.11673443234487502,0.030283586130943084,3
0.09712187307640029,0.038652398582074095,0.09895823718682979,0.2209505193437877,0.2087784117028808,0.015799161994012784,0.005246913380203168,0.16703877775586795,0.048773727333054254,0.09867997964488949,3
0.020989574463482423,0.15182126411129807,0.10164913738389872,0.09135819349504495,0.08167793166232058,0.007546627730194439,0.11190207896739235,0.13333090170302223,0.15276407821113602,0.1469602122722102,8
0.04470292924697892,0.015783286986193724,0.045933345974610906,0.2710616710207034,0.11271906360047079,0.008776817236643966,0.003789259395611619,0.18946862003118725,0.17245205896449303,0.1353129475431067,9
0.02689187948040285,0.07813188630355991,0.017589742692013664,0.023562681483228834,0.008601967960200454,0.01814618163724262,0.7536536553617857,0.02163165933205903,0.03512978531155148,0.0166605604379557,6
0.04642409874617823,0.10345444062438572,0.04049069088169953,0.16865947387566232,0.09659211514430888,0.01650717936967271,0.022943789410716956,0.40069921738587494,0.0752858990755952,0.02894309548590568,7
0.021640716042118938,0.4190906057265502,0.07452550450419558,0.12722933717841065,0.033579599415638005,0.030392006483475488,0.005050023657557724,0.0425043095534868,0.19583245812724584,0.05015543931132036,1
0.2585437970181182,0.13169839343796172,0.0507083643015995,0.1698054955352293,0.07335486467746069,0.06648432873933255,0.058117615640052946,0.07219653090377998,0.0820206692920012,0.0370699404544641,0
0.042126788976061,0.03454232028241583,0.012130152453547267,0.14131699922908925,0.04840763254095419,0.20954955212482643,0.003470245857449764,0.45100151141383654,0.03417441106027652,0.023280386061542632,5
0.4250886140559457,0.031901649172188226,0.4935828733886176,0.006363175161966852,0.0027599461150730246,0.00045303881042899335,3.7470894259985e-05,0.03158968858833221,0.007571680760746744,0.0006518630524405375,2
0.01997241794870781,0.035924969498648006,0.06674498288006359,0.07723051353986907,0.10402280106376097,0.006486077177832854,0.3142800005642735,0.09927264544679776,0.0566426306267184,0.21942296125332864,4
0.04351296217203114,0.06810825388707459,0.046005690046740585,0.17044422009108454,0.06709423964451222,0.010651080916246133,0.12488356369917565,0.06488578572662329,0.11575321754063787,0.28866098627587383,9
0.13084274988047806,0.06919257026818114,0.03526302406306328,0.15098900445720898,0.1296248629802737,0.014372187495545852,0.0787728130298015,0.15194286404838767,0.06425482051475948,0.17474510326230042,0
0.15940895494740115,0.09023728951713478,0.025911711573373644,0.12734574680981456,0.023094366319625186,0.18881715495867243,0.07016345513973617,0.011598465106636889,0.1431420839945751,0.16028077163302998,3
0.04172749896068987,0.17406910471428114,0.09214067538160094,0.057606654672644274,0.007853472259820058,0.008597970813253815,0.022739305648738613,0.0642008022131155,0.49941275331590834,0.0316517620199474,8
0.04892386332761906,0.07769646882677125,0.07601898342546416,0.23487221179433268,0.07437057243899774,0.0049521736347692465,0.017800009138452026,0.2373516894073217,0.05219998215315443,0.17581404585311794,3
0.018675863049829048,0.07910298380821368,0.6747749323122382,0.12261185544934154,0.00340316171767207,0.026532838812196896,0.0015513096803382086,0.012736543429950772,0.05268160990353186,0.007928901836687662,2
0.07936157059434314,0.052213963597139264,0.012796834108047807,0.08126357775048014,0.24297597588068634,0.0212537595094568,0.029081262040574696,0.03279964650760986,0.04796782803741015,0.40028558197425157,9
0.10651181899836637,0.08086487467764895,0.01259393894505628,0.25856687010749624,0.03464894642541032,0.30616457453092155,0.002348617410961179,0.07415587689905087,0.10298202109641201,0.02116246090867599,1
0.1927937126288856,0.050861995194918325,0.15118232827069292,0.044129192854257905,0.024520627528157833,0.008483244044812542,0.014251691990379643,0.06883129459165004,0.32571406885989757,0.11923184403634746,8
0.0015441662029017057,0.012747279260306643,0.0010171673775555307,0.0043859323562791845,0.0001953979071142507,0.9635031102055391,0.00013633036337442115,0.0025328287344488763,0.012769108119492492,0.0011686794729875748,5
0.0013571303970277367,0.0024713525339701134,0.0003037776437240188,0.0026213963343845324,0.004390624041732785,0.9826805158165859,3.909899120142361e-05,0.0008476612679717792,0.003297274362865909,0.001991168610535702,5
0.05829469711384194,0.17089272367278663,0.14248665181431291,0.24527862520299365,0.08430833747217109,0.016367246133108606,0.025063987214242953,0.16621152969754144,0.03709401130363857,0.054002190375362455,1
0.08442749163154994,0.08326485454263216,0.06803947909207417,0.12931838942801752,0.048895245295648475,0.011015854170350385,0.2033026497620423,0.12593998250359612,0.06961320528266055,0.17618284829142822,0
0.03898444411762019,0.03599450567935896,0.006897063983242797,0.03525363368041385,0.006331122317324496,0.036799140962316616,0.0005177065863331347,0.003542326140276461,0.8063971451319085,0.029282911401204804,8
0.018736734825972125,0.20199311390985447,0.06509650493890418,0.08100831191923434,0.04672324962451134,0.010760779887603017,0.2437295126528723,0.10809220710352833,0.0935812756916915,0.13027830944582894,8
0.010581866546884016,0.00912617165349957,0.8018403008937751,0.018737966080853635,0.1145403292053313,0.003648273560860524,0.003140210275499299,0.01966141255322356,0.011856561880515705,0.00686690734955702,2
0.8879260129337325,0.0022695646877324252,0.0035322178643806255,0.07439275443805998,0.004078207385721047,0.008388855470810872,0.00032840775181938313,0.006740851983768062,0.004291539905827872,0.008051587578147284,0
0.0009425980231879595,0.00029244453941644705,3.9044837766304674e-05,0.00032865763525708483,0.9971089312285619,0.0009656104150782022,1.041042698138722e-06,0.00014961424373415716,0.00011733210480316995,5.4725929496890794e-05,4
0.08895967061258052,0.06898282863968991,0.02080945410213107,0.6365806814606629,0.06716362987176631,0.009291590546548543,0.008229914354222816,0.05855441218415119,0.022797023111997213,0.01863079511624962,3
0.08413752725268221,0.047186382179205955,0.08775437415514617,0.31808846345191677,0.12192408079994752,0.027536866707798664,0.1097536488866059,0.083762732501745,0.05698128361524544,0.06287464044970681,3
0.20377264072964832,0.04000774854311583,0.09455776859831963,0.08051224664652112,0.04342765136673854,0.006496105976012865,0.09739766664804146,0.15638133644080476,0.0578950236576633,0.21955181139313473,0
0.029915640485939574,0.05707915071682059,0.01352811051949669,0.05832740475137607,0.17145700767230704,0.016131134352295073,0.025416886165014037,0.011832816700299707,0.40477552548610557,0.2115363231503456,8
0.04710963419839386,0.18357260987853113,0.08408054060708672,0.02710102975731178,0.16307743239961914,0.013230896759170316,0.008826122304024854,0.23342502285493108,0.1391257515976222,0.10045095964330862,8
0.4681757096490956,0.03416652217265648,0.00521132374425886,0.06639432890206741,0.011730795113569456,0.07948316841591771,0.0035789432015777656,0.011556563496498173,0.299790444675044,0.019912200629314928,0
0.06298050259753107,0.1331043610110531,0.09698657345899037,0.06071130327149459,0.023868481357313467,0.008628688327542383,0.003329025075443355,0.08426904455742394,0.27627469228814555,0.24984732805506266,1
0.6930277644862307,0.02258695116014181,0.02105087078419259,0.04932709638904363,0.014680611785971139,0.008451495584172594,0.006792385474537827,0.02319435516069277,0.055950105557471215,0.1049383636175455,0
0.014594671932880013,0.05560841151349936,0.39254811766952563,0.051475047931207336,0.04512326201825574,0.010294516875049673,0.0813643641958974,0.2406123925320745,0.03907329262806387,0.06930592270354621,2
0.028774348306542293,0.026098918461098356,0.07307922366725672,0.0458330674839721,0.45244258878193727,0.005353346004148599,0.050037117249051404,0.13326943214718506,0.02325816326803281,0.161853794630775,4
0.19967062978653888,0.026619072885284752,0.014681755851483345,0.09751539952438965,0.0469328865845666,0.01652835564287267,0.11012922899725991,0.04415771418573325,0.32790479526998717,0.11586016127188366,0
0.2631209229928095,0.025469184256586484,0.04290042436523667,0.17260963217672315,0.28857488277994103,0.03250862017260184,0.004672795419500889,0.0864009467890425,0.025100316525712037,0.05864227452184582,3
0.007452130505593012,0.0480875315824074,0.014846832254414124,0.0217249301665802,0.004174829583117145,0.797500989421336,0.03361670212385471,0.016793438600700334,0.0454372165940719,0.010365399167924953,5
0.3434933634029897,0.22625014151128123,0.008485119819971274,0.18303164983601009,0.04237573664107255,0.008337122340258215,0.0032493344266574134,0.02544580799251484,0.06248986299475648,0.0968418610344881,8
0.1166382984864312,0.6092827110944529,0.020896153692402518,0.06658206349244204,0.00502004411749219,0.026276021898333553,0.0012019357704744092,0.031005653614539407,0.11850385836272877,0.004593259470702909,1
0.0549031700065593,0.00788158304676925,0.0014753641776663361,0.0211807759516182,0.0010742265582668175,0.8914775726166771,0.00020388614582199786,0.000570504049919136,0.020713838744463784,0.0005190787022382801,8
0.3393351913227056,0.04502441529837542,0.1096145578829372,0.07334727236035743,0.06488253486669958,0.11201664612906673,0.006127712534751151,0.05930830648981084,0.0712490909483868,0.11909427216690868,0
0.34585728192966597,0.01478256381299866,0.0034506265020834907,0.053760062046124636,0.0054465781557395555,0.41119729821948553,0.003134783600884844,0.0032490601073697214,0.15540851439606576,0.0037132312295821645,8
0.0280515118986087,0.06794878724830275,0.44573023692079916,0.29828293941844886,0.0224853967088793,0.0069264722200433355,0.015382442211238934,0.039701314685100526,0.05245918017247904,0.023031718516099777,2
0.021496414350414477,0.0685132532966138,0.03941533629730187,0.0951102397292102,0.10747313085958832,0.20134814146997354,0.18498754225989955,0.06828680166064989,0.06893976310914315,0.14442937696720518,5
0.026595770200938524,0.28370743497332557,0.017378815282521415,0.02038098332088354,0.34974264949933864,0.028673859507799555,0.0022775610627251636,0.11941669449304027,0.12349352741050759,0.028332704248919722,7
0.02747260468102416,0.052688073629876916,0.03619535816857677,0.0684388164366531,0.030760300809296693,0.014789761475967536,0.6303199633014535,0.03708760293008378,0.055987605349270844,0.04625991321779648,6
0.023843681597615216,0.012764464994585976,0.7078184944697734,0.07030726738320398,0.006195731222044316,0.011110043454086909,0.0075985447754768395,0.02869239421104559,0.06017504709968361,0.07149433079248359,2
0.03246329459346838,0.04268407575510753,0.013797642260468916,0.05436768477360135,0.008160269954352511,0.0993056813032076,0.6763855095112224,0.018071004354893283,0.028528757280742608,0.026236080212935244,6
0.032046701946518825,0.02175698345628264,0.7057751965475029,0.04596068944560519,0.006468544939334303,0.0036068940691872365,0.019131919312714706,0.11138326361242026,0.027316729381215876,0.02655307728921806,2
0.4158947272554993,0.07260765925972236,0.005386941294784161,0.3481575615309156,0.009616561652023988,0.025066270360693806,0.0005136480275330655,0.05824416153829579,0.04921667793617277,0.01529579114435939,8
0.988411548452712,0.0026278461779899206,0.00016386069418957485,0.004524248547914209,0.0003446953584717973,0.001083797589229931,0.0005099685041812624,0.0007971555825001907,0.0012035664223520508,0.0003333126704593587,0
0.05470369782407972,0.08168476628777807,0.41629041802563543,0.03535229335765463,0.018995251068095357,0.017163279301859288,0.01462073665113203,0.2401752818949368,0.07949948280899112,0.04151479277983761,7
0.058931655069955256,0.21242277484564118,0.16895099284043774,0.0987565928175842,0.10561108429297189,0.011826563072397352,0.0681633559607157,0.10941159237050496,0.07388356477678361,0.09204182395300836,1
0.41378002060330765,0.07535470722504924,0.01940520180244443,0.07776426965553229,0.10159200542611722,0.008983057071001973,0.0063550821381620866,0.03384871513839279,0.12189451231091926,0.14102242862907274,0
0.04529005761830103,0.14328409747212723,0.027401404096706966,0.14627710337349772,0.032287187579828444,0.01729533349080067,0.3323060373901245,0.029948349908655556,0.14157585368075845,0.0843345753891991,6
0.3351007403836485,0.06255609824940454,0.10183706027218623,0.0823645463319598,0.0907983262188808,0.016579783663817287,0.053325720061765405,0.0607403237060584,0.08039166005967413,0.11630574105260473,0
0.1975665508268454,0.04395582377153888,0.0027103657187669654,0.5716625789156633,0.05884649982102853,0.09003468139176707,0.002346769888914923,0.01435332496258033,0.0070959943898948885,0.011427410312999757,4
0.8991145172066211,0.0005832221420259646,0.00017904604655999315,0.0048534179659914896,0.006399543538548502,0.03385800861750078,0.00010797056151335229,0.00028686923376967,0.05213023114243182,0.0024871735450370824,0
0.08276623562754834,0.08496083328508412,0.3655737790929448,0.24021571226850827,0.00900143033524582,0.07719407106634024,0.0026827519385182108,0.08860124026473344,0.0288590913397757,0.0201448547813008,1
0.9876971422212303,0.0005151207272831872,0.0003873649061055378,0.003607421397682144,0.00029845354379918343,0.001369962105081209,5.1753790787459594e-05,0.00011951397043214399,0.0010810514425804575,0.0048722158950182505,0
0.11746915239557382,0.059237260051541056,0.27142136295195995,0.05491929754493008,0.05368579164264061,0.010931637551085744,0.00377732433448874,0.08907622076222502,0.062421381313133996,0.27706057145242124,9
0.002164224812579308,2.218215444273493e-05,1.0053291913128468e-05,0.00015020751177430958,3.236689170682999e-05,0.9830421901243682,1.2802769627393095e-05,1.1196814219841358e-05,0.012214374192143402,0.0023404014372246165,9
0.04884251008425684,0.03179672199053916,0.10856111963904773,0.12630508794209447,0.051664063650992624,0.019769621477601817,0.027330908925269428,0.33225028877369905,0.1893340279040908,0.06414564961240782,7
0.06979686593816278,0.027626798828509196,0.04575551395548192,0.19715370283728215,0.059002386672112904,0.27192718549688244,0.00819879005508178,0.10071057384200187,0.14563148184800298,0.07419670052648207,5
0.022369387292740277,0.04500782993279425,0.09364768277741316,0.04591836988396396,0.04643544920026687,0.00566018075479733,0.4225864716940831,0.08977204865710345,0.04349932280338395,0.18510325700345384,5
0.005541487319868194,0.012807611571053274,0.0004750945525995984,0.008789508603209435,0.0007673771231650672,0.95463547309399,0.0007106088666016634,0.0037038048110801425,0.010933658717536255,0.001635375340896235,5
0.015400114834356122,0.13803771272720572,0.5066775399956247,0.042025288515839435,0.01565390709842977,0.011170976562606249,0.02380597975722335,0.08917519968626776,0.04659057747858642,0.11146270334386038,2
0.025532508286942847,0.2029149660552393,0.06985907622481151,0.10844362353658935,0.026032705982074675,0.019792672034371465,0.0213808818944016,0.35736413747916795,0.09943016637111492,0.0692492621352862,7
0.021769308331425645,0.12677320066531536,0.01118457898925269,0.032733800703966455,0.00930621024156399,0.7053414501050891,0.0008920141946091725,0.006775607950628224,0.07519575844332851,0.010028070374821603,5
0.0699129004085324,0.4544639844343512,0.0020203940999511706,0.0649680698115833,0.023701958700683493,0.13333368604522683,0.03969376598841513,0.029267737290167264,0.1687882312367418,0.013849271984347239,8
0.017921751525836617,0.08484894655459291,0.1106354285126679,0.06040621109436154,0.06491340417411116,0.012488653057871576,0.13176581746374633,0.3225250778717351,0.07293067765753476,0.12156403208754246,7
0.9999858594459541,3.146018630070104e-08,1.3381327730999104e-08,6.153442817288541e-07,2.5797369760294068e-08,2.55005999189812e-06,1.1445638765906384e-08,5.265404152925433e-07,2.209522944919005e-06,8.157001889695211e-06,0
0.14607991688848768,0.09563929715559649,0.08948098419324088,0.14637496151161403,0.14190031556462715,0.004496878934056869,0.01957611005473075,0.053348024848641755,0.0694961185298157,0.23360739231918828,9
0.025321836324529612,0.07642561254910937,0.046667767899896295,0.11234942468529101,0.1366852563910049,0.03462301159821762,0.010744043734116011,0.09861615138328508,0.09255626371566533,0.36601063171888526,9
0.023142083223562575,0.1027041822534082,0.0719684941013746,0.08767742541155028,0.038591436776179745,0.23462908544379543,0.02687296918692826,0.20680749186161382,0.09720871478152904,0.11039811696005765,5
0.0487369819271015,0.09204364846711433,0.2144306348870445,0.04476435409905956,0.10554012351364211,0.02017646739031865,0.014089557245926438,0.23879894667315385,0.12116947830135823,0.1002498074952813,7
0.07400361328427599,0.040771731900179686,0.03999189224202935,0.08601171933953045,0.028553088674609546,0.021116374850354714,0.21701060018675328,0.13710386467886015,0.0948982506911627,0.260538864152244,6
0.5796962854291712,0.06736277971501514,0.0451625221336045,0.07701506392714419,0.038221492424406533,0.0022385167091760437,0.0023821312737067543,0.016383894952216618,0.06401830983001819,0.10751900360554129,1
0.11361643823053265,0.04684786721663499,0.08074581190172311,0.5237487874785458,0.017962356057027066,0.009932685486011101,0.011077639551821125,0.06081359641536404,0.06928222221792053,0.06597259544441926,3
0.03611403537704421,0.16944367424640502,0.0025713520629482866,0.06334397206996509,0.009733353161747197,0.6320589052408293,0.005752421269148531,0.05561114810978496,0.021930752537495858,0.0034403859246316037,5
0.06433758749271076,0.19716439290327534,0.022284963783842204,0.2916254272380757,0.14205862447304904,0.04510362810140104,0.0610926375201519,0.07036330946392517,0.05161320531866456,0.05435622370490463,8
0.10082269306998867,0.0639609932691156,0.17969111758803277,0.5459019417222416,0.019316869247843885,0.025859362123665925,0.0005157391422687661,0.0408522760044373,0.01578097497748601,0.007298032854919408,2
0.04105934259941337,0.07828014335173408,0.027403295107181428,0.07903616886049371,0.1538611357532473,0.03921920221821537,0.3991973333181188,0.04137222494345411,0.05103141839086294,0.08953973545727895,6
0.10109540536937495,0.24967874342419466,0.0632611901750212,0.22297757379348548,0.06123743190620656,0.023413527121056925,0.012902595470072012,0.09297547841839256,0.08468839051530722,0.08776966380688853,2
0.48333588074338196,0.03316703623869142,0.0005311415481266948,0.3693676589633328,0.028365841203930816,0.029358987280555613,0.0002666487509458031,0.0012322715273319683,0.04594359204336108,0.008430941700341671,3
0.014292172952913702,0.6287244651889122,0.009113455911208202,0.08525095258374375,0.03208843029413492,0.0282355024140756,0.00035796661402990514,0.03781204078094479,0.14518575077766366,0.018939262482373265,1
0.10370954404640162,0.21517826188108405,0.11154185712446359,0.08213782583386228,0.10367820387926097,0.013216639510847925,0.09321929434617303,0.1694837381861827,0.07700649424840342,0.030828140943320217,0
0.07026681569820226,0.1249964624002634,0.0742642738505387,0.06999982475685987,0.1651412435619344,0.014894051885815178,0.05500282334405325,0.09085865902493395,0.2253600503143171,0.10921579516308215,8
0.07643037039222098,0.11325514036171479,0.03833306142687076,0.2560298911257815,0.19871661682442546,0.02514493069613462,0.022025269617473864,0.057374560152928925,0.11467896036533812,0.09801119903711093,3
0.022575419734081944,0.12604238901988557,0.0019789797499280824,0.20673093381706917,0.004424890925043983,0.5702733632036278,0.0011658003017948433,0.008411789626545858,0.05601778856780269,0.0023786450542203474,8
0.08178277487784721,0.12380521891617274,0.12377712046730574,0.07581845375579765,0.06420901644220696,0.0296258517718105,0.0721617160873968,0.09638766352884232,0.17882214778443375,0.15361003636818626,5
0.1403407652803406,0.057801473911122885,0.008625139108409724,0.5475528078778612,0.053378051914922196,0.006003415178012519,0.0021598754892974484,0.038503274055131646,0.12611120686094743,0.019523990323953726,3
0.7010649707648936,0.06780024521330828,0.0015374918050498044,0.02262207574677975,0.15205962092065506,0.007626984696389536,0.001191646924207147,0.003073722879828312,0.029195562486546565,0.013827678562341465,0
7.882236686179585e-13,3.202914189475427e-13,9.983987649543806e-14,4.565935814417642e-13,2.1015444908243914e-13,0.9999997191345394,1.6265880272338023e-08,1.4545993454955527e-08,1.7739384498746823e-07,7.26578665355677e-08,5
0.79400651887027,0.013338738687075757,0.00021870869332925628,0.16740789435685047,0.0027185994829087815,0.004339017435865427,0.00015441118082769724,0.01162836031886784,0.001084676971035571,0.005103074002968861,3
0.7555758053871686,0.028806318044340928,0.015960347606107286,0.06573407852829895,0.020752200703931318,0.005460148218562989,0.009828095368382883,0.01016196757652645,0.019690703523623697,0.06803033504305647,0
0.20981951980048952,0.22172955265985514,0.06337517845169344,0.1890206616898224,0.03777191058817282,0.035982110008746765,0.0038007971562422044,0.146952936006299,0.0691908629446427,0.022356470694035693,1
0.8386259490643877,0.0017685953668718508,0.006716436551205546,0.14920716545119583,0.0004252248691585621,0.0010329548228450185,6.202144245849807e-05,0.0002246299444912021,0.0013584833154244792,0.0005785391719616098,2
0.03517506670062637,0.10165688479705103,0.13054276559418954,0.3316608967893774,0.04622521118460065,0.02304664721051374,0.13840189387418533,0.10133339542560517,0.04181035747611609,0.050146880947734965,3
0.3870365125787206,0.06498273563919633,0.05690039102319905,0.1682654344527752,0.03595519883128818,0.011833921983444054,0.0029013681097933134,0.06980350861198599,0.059087878307782116,0.14323305046181523,9
2.170558673517478e-07,8.398529133537747e-08,2.365721745978031e-08,1.4109965167039473e-07,7.963583150280075e-08,0.9998705215786995,1.5973599091144232e-06,3.6521887595918227e-06,9.849775515762787e-05,2.518568361479653e-05,5
0.015025022809605982,0.3917524686534305,0.06516768930091245,0.10986911385717331,0.04052714887324543,0.05040245641647519,0.013225219214183456,0.1854403461895211,0.06077160663963322,0.06781892804581986,1
0.04082322499612823,0.194969106672122,0.021713058404177574,0.3957260450897496,0.030185930120139724,0.05583010538953345,0.0012792110654856613,0.026728581123674267,0.21329188681372502,0.019452850325264105,3
0.08970994320425633,0.15173342056349948,0.49350512993342066,0.07252833075054882,0.03402470458851401,0.008055666986146562,0.006859737006611772,0.061123900624572555,0.032858542076055854,0.04960062426637403,2
0.04677914741691489,0.01655446272574144,0.001802165736653183,0.03316137756436114,0.8312371776867776,0.024961311174250586,0.0016318694408039294,0.01580815845790239,0.018934796625790513,0.009129533170804371,4
0.9999690901481945,3.45753688077629e-08,1.4600056454786629e-08,1.121085653977442e-07,2.0582390615385504e-08,3.0657096002016884e-05,1.1190868446770382e-08,1.2934126435288039e-08,2.9797416405686545e-08,1.6967010734612867e-08,0
0.12645342666349785,0.010230012964988263,0.002578413823949227,0.7695366935376088,0.008742483966372004,0.02518802771114509,0.0018465804589287598,0.015232997438525525,0.023448424198795517,0.01674293923618885,3
0.02401779165670208,0.11964367485663419,0.2647924430614556,0.042072469996061894,0.09239832825643086,0.012469787750823311,0.031371680056971316,0.16300894417484235,0.054324196510915496,0.19590068367916275,2
0.029293783773932342,0.05631383921864106,0.03506017791358661,0.08995666471498477,0.07286461904595437,0.008813224312735964,0.4441791500477291,0.06217391038117184,0.030627527454471396,0.1707171031367924,9
0.045877755589552,0.019616301161414825,0.008745561475662734,0.14880340554869842,0.023748045958635968,0.014327763025329144,0.6694942171700747,0.018979220697944787,0.029820326926304267,0.020587402446383078,6
0.0719620945929475,0.15030909290579209,0.015112065377413423,0.0356693729144864,0.31491419030962503,0.011793834079387071,0.02778689652896727,0.08514513391968132,0.15974384439478276,0.12756347497691758,4
0.11390805169200986,0.03937260804414828,0.04030139639571807,0.36776033254370233,0.056732442505851216,0.008224617249264354,0.010581907099870056,0.24325933832258584,0.03470287018492843,0.08515643596192156,0
0.10584954172261252,0.056637076414816495,0.011489680519364082,0.26550662801898156,0.02381864765171509,0.04231077448882539,0.02595174196029065,0.021702668873015574,0.40693300810642785,0.03980023224395115,8
0.5028601740381647,0.06254973590373081,0.08298472781953523,0.13970683616263366,0.0026407172827487032,0.0032742797648313503,0.0041425491489686566,0.008764997448568328,0.17453528063146273,0.0185407017993557,0
0.07793848605239115,0.12064159434423269,0.042029909279877556,0.13831143986570046,0.16462121286915135,0.013948067108737345,0.07380813762093846,0.11525436808637943,0.06948815190085501,0.18395863287173603,3
0.09536232641598233,0.07670541886282592,0.05409307213681561,0.07668683184805586,0.13755882293504834,0.16285922958971905,0.053483650744623835,0.15598226669027415,0.07003457761296365,0.11723380316369154,5
0.013742045560902368,0.043182318500676574,0.07996312941148254,0.042040095732047145,0.04744838514534347,0.004440117134129736,0.4958307425364132,0.07037153390773235,0.035572324501649176,0.16740930756962336,5
0.0186030345978318,0.013991744063743606,0.837169204567572,0.038119106091188695,0.010499915359159827,0.007460416277293986,0.0021269263679696954,0.04787698288830795,0.009164690408778726,0.014987979378153136,2
0.01545198277912781,0.06658996892612648,0.1413969962400251,0.05173797116426542,0.14695066615797697,0.01032280434777957,0.06900067547000686,0.3438505586782395,0.0457549154912654,0.1089434607451869,7
0.03273659942265187,0.05905473643220704,0.672935814045961,0.11540221694252119,0.04316989807575675,0.005070818146210327,0.0029241184880901628,0.026176697859662857,0.020582821912320737,0.02194627867461805,2
0.040903184213938175,0.1143984545319681,0.021040642542395654,0.16910623356864163,0.33512114836773454,0.16830926458667156,0.005702393203321363,0.10986429685615111,0.012832816955433087,0.022721565173745316,5
0.9044852625139762,0.05842841739551342,8.976364742751632e-05,0.011350780212949718,0.0016523254593473694,0.0020006680209717974,6.8136619597278e-05,0.013262597963109569,0.006660107668000957,0.002001940499105934,7
0.12691304751002191,0.1095348799279124,0.04386864905161756,0.1991451984662113,0.09962274799945585,0.009952309334311897,0.07981696005280933,0.12364484383842178,0.03901216596402205,0.1684891978552161,3
0.24230363156607332,0.14099747591540832,0.00356078888733854,0.20392072385170507,0.0777002077892221,0.018194630364210432,0.002489153915907591,0.010779966976261676,0.13656632707274682,0.16348709366112632,3
0.7169119255467905,0.03701569975047851,0.014016917257042356,0.10264130837563148,0.015091434752359396,0.013628138873233785,0.0008774097727996893,0.015528529259512269,0.06608055394064034,0.018208082471511722,0
0.01083876688121288,0.05002709690443251,0.5054774195911831,0.15816740530158802,0.04591159634681573,0.027485655690169933,0.022424721055965845,0.09095594903276166,0.05650158740813383,0.032209801787736435,2
0.052471169898966614,0.09741488753236693,0.28247617185885093,0.09037581574912647,0.03936961313226582,0.016691784661715583,0.05051108887076935,0.1910666823175494,0.061276457990986535,0.11834632798740288,5
0.06686059977465535,0.2403764057850667,0.014574015716368545,0.28220097707171604,0.011433330524182696,0.08059993168881947,0.017897543518455617,0.1498054939652044,0.06554182575875182,0.07070987619677926,7
0.2793784804228422,0.09042123633115115,0.011605476156929896,0.19806479014436268,0.13063809831853274,0.033271138879137456,0.0014536172178943156,0.03598194025732181,0.10471690570771836,0.11446831656410938,9
0.030544823505684878,0.035852591468331516,0.025186121256451702,0.14699889286504467,0.014068842722525187,0.011495570563909171,0.6440340190612397,0.02233059600003763,0.03890269875143794,0.030585843805337725,6
0.016357064424977186,0.11294891426334619,0.1335479637756742,0.097308504220852,0.024144849142888492,0.013692492341957697,0.03564891652300713,0.31551440568590916,0.14495821134208026,0.10587867827930787,7
0.14236929599444448,0.1759187232893571,0.09196953451182939,0.11153698518710153,0.027717325292400855,0.015615584698871999,0.08142024245316562,0.16036426306844045,0.15358492728890977,0.03950311821547887,0
0.02738171094696,0.04638065168366333,0.028398114898744616,0.6186790412678929,0.025672015199544967,0.019446829153145762,0.028944657409958288,0.10259570939294056,0.06576675513512793,0.036734514912022065,3
0.010550102266932326,0.7850145100135699,0.0015828115902648257,0.01433092516331371,0.03060694662110613,0.015523533916793477,0.000635026469939793,0.010172300126017692,0.1182823693334983,0.013301474498563769,1
0.06771344719373369,0.047521540889296644,0.11771565684078848,0.10175853323881735,0.032802463104455996,0.012886207052071606,0.06782962302711326,0.14918356643059247,0.15282704133583946,0.2497619208872908,9
3.308159699946021e-08,1.835913494212389e-08,4.984018537659798e-09,1.3040152198130918e-08,9.595056026815906e-09,0.9999423967449547,5.443545330173872e-08,2.4552657678979407e-05,1.8577414411647263e-05,1.4339687542868853e-05,5
0.06819599976542669,0.14725461709767665,0.027911622234555587,0.09384670026111991,0.060651451443866494,0.04451786572706281,0.05295971332829202,0.2282489409906295,0.09829655304956254,0.17811653610180755,7
0.0833131823863146,0.06843505884211647,0.04090111390386274,0.08994143505677403,0.13514844228780376,0.030527823483376567,0.09862982185019874,0.23229116959364723,0.05624415658215243,0.16456779601375346,0
0.02062076532848923,0.4810037511604309,0.03855047800454801,0.07445078315116209,0.04957215048511097,0.012887106080022068,0.021394050908872503,0.09903141642928283,0.12726122282861851,0.07522827562346299,1
0.04439080452236182,0.09149122045068238,0.09638559136130685,0.07007406262727095,0.12131866235033426,0.011351954242593354,0.0821497936047504,0.2215359919133812,0.1273768667450436,0.13392505218227557,4
0.02710649374106919,0.02562899023175992,0.7537440817760725,0.027999302499574,0.016282785055388917,0.0075500701763130795,0.017440123450503622,0.0671335839770894,0.02321281748555798,0.033901751606671374,2
0.03802612943027236,0.18556029716590566,0.014415153562335916,0.10007998932411312,0.013017618396147177,0.05966068291860286,0.009893666049236078,0.038303531372555544,0.3568962696221077,0.18414666215872347,1
0.034895239998040534,0.026624156642725168,0.22966931836754448,0.3381312374079789,0.02844567154650703,0.02080648060099386,0.018021290904965577,0.18987699510987915,0.040309491366402564,0.07322011805496266,3
0.024651521631135032,0.02450887108499267,0.38657545280938577,0.3295932164247136,0.046918180966687255,0.010334125893877825,0.07595635280499728,0.03959749423678153,0.026983318696771917,0.03488146545065778,2
0.1267291626928157,0.23456092786264465,0.003019951098846726,0.19047835165912302,0.009107941312632404,0.14199892961458999,0.002478612756973244,0.1540367456263584,0.09622537393062355,0.041364003445391956,9
0.06963692722276235,0.06642767127322355,0.11206675405687459,0.20336319968180097,0.04038987303798566,0.013491792369864796,0.07889156518546457,0.2359384159250559,0.06960465109807604,0.1101891501488918,0
0.9999592736062032,4.156707998363996e-08,1.472275450908559e-08,2.796269761936786e-08,2.0382149494461413e-08,4.052441014728808e-05,1.1111118806965037e-08,1.2514759576462615e-08,5.65768219327096e-08,1.7146267666873175e-08,0
0.023903427265734464,0.8872032326557739,0.0034159107816744225,0.016595671663312245,0.03747786261561333,0.0013049917040774406,0.0003148033370063967,0.01255979460190514,0.010759545297369439,0.0064647600775333105,1
0.03385840968686214,0.13322775918078744,0.2817846674709975,0.10469891250375728,0.07994827274475454,0.03185530050551614,0.05066282824971422,0.11434426293973964,0.06585835050980414,0.10376123620806708,2
0.1927023265961908,0.08231625705727696,0.07325886909272375,0.07597928900221482,0.016702516996923458,0.025247906293781368,0.3149323387697,0.043373462681183125,0.06084546630124535,0.11464156720876068,6
0.02378518734524456,0.08398908974592285,0.6795584993373022,0.030393882651317067,0.023784218205446406,0.0073397761139340845,0.0234430350671936,0.04232075214512333,0.01470926957493357,0.07067628981358245,2
0.21858640008724176,0.02159251495324547,0.18181465575110198,0.171493985201513,0.0710633943206229,0.010036660862304874,0.026848399091451272,0.1890009820508731,0.05409362894897168,0.055469378732674365,0
0.043981858101458285,0.06707835041557508,0.010803359275385373,0.14202988441517583,0.43934594321018317,0.09690153161973282,0.08038874151492449,0.06886107941861515,0.008795120551193436,0.0418141314777559,6
0.12874049936346557,0.48816570579873314,0.01657351282166127,0.25022531544274734,0.013550157631842367,0.010211856017000592,0.0015272345388021601,0.03380506520101559,0.034105840038235226,0.023094813146496744,3
0.06225460314205712,0.04413576416235104,0.2659312203655501,0.07810768444910363,0.05411173374147389,0.009103867442285868,0.1923759717559482,0.10758166820587277,0.061161277309150996,0.12523620942620675,8
0.0010665925292197695,0.011174045688921911,5.797302202654181e-05,0.0017656037892046352,0.00029185197050100127,0.9838467390340131,4.008753862395247e-05,5.87736417418725e-05,0.0016028078282408122,9.552495750636046e-05,1
0.03314205664830925,0.06180314378346741,0.08489714413473325,0.1086464102218089,0.06693573416381604,0.009301230380495426,0.2424488678352672,0.09962950058616207,0.03927410490594446,0.25392180733999625,0
0.023469822131674683,0.12740061455614105,0.012743167631947544,0.07732631310808682,0.37257820434184835,0.16719277190845797,0.0033898652599608603,0.02097961682135895,0.12694298904667534,0.06797663519384832,4
0.03410182005787655,0.12859169126682665,0.12463739525289565,0.16979399694945083,0.07643312561093679,0.042045558366762055,0.007428624792394632,0.28624495327283345,0.09564253163812952,0.035080302791893635,7
0.0055843839874663145,0.01971225712083245,0.8891023198821975,0.020105016469515888,0.007649087464137263,0.0026003589347940665,0.000435455156749243,0.0324869046562086,0.006832708753878686,0.015491507574220017,2
0.24455398328759873,0.5507087924523897,0.0016425026226335757,0.03258391419328918,0.0065730106647269035,0.005053844586478685,0.0011524279045613372,0.0028954198872571334,0.13999336033100881,0.014842744070056103,1
0.06813751170203083,0.08034702566287463,0.06791263316460538,0.08534657893972518,0.06806890229339299,0.01670641552002418,0.13472293464122942,0.23331100700083282,0.06594727535592107,0.17949971571936324,0
0.0011031138122165275,0.010526006562260503,1.7041825811059972e-06,6.49486760959515e-05,0.0009559075151924775,0.9866941182842976,7.109411473874591e-07,0.00024261069438172747,0.0003837072038592007,2.7172127967371952e-05,5
0.3698790157811291,0.08621329372293855,0.09517438857498871,0.07926648474073306,0.11553258094282544,0.021575225637557094,0.009000003574660033,0.07511965888884552,0.10587582510451711,0.04236352303180546,1
0.9993470969201123,1.1146314242376236e-07,6.227874581662605e-08,5.145134369739421e-07,8.433537864464969e-08,0.0004649373697943978,2.1641119268699448e-08,3.531457596817901e-08,0.00018711725298570475,1.891070826560525e-08,0
0.042614611631484896,0.6226410082781879,0.025900261952681244,0.08392494760546143,0.02161406218886094,0.020015683996734625,0.005530262605083995,0.023146810245799676,0.0952995183256874,0.05931283317001791,1
0.02023265116915483,0.05050477543021151,0.1041969483266886,0.07300696934878508,0.046436445174172995,0.007114657208447551,0.30001363213368937,0.13726088609355577,0.048328936476455586,0.2129040986388385,3
0.00013071622124680838,0.00020553676327714692,4.5867701636706004e-05,0.0006140590478539968,0.00022877359468473758,0.9953515374608528,8.094206199883849e-06,0.002879473504188085,0.0004668795908781997,6.906190918155267e-05,5
0.01892519216792456,0.01521046420247464,0.036270372806771645,0.024800133783806973,0.054707527005031974,0.00540159707518114,0.7839931255478692,0.024178606995338615,0.013669142729084956,0.022843837686515933,6
0.10771007073879926,0.18800387877508873,0.010435449321250703,0.03026700034102067,0.01820214909900549,0.5514036116656467,0.009117200641811587,0.023624145055025483,0.046309210631011774,0.014927283731339192,1
0.032159720263587946,0.3778107258258591,0.0013096498994828328,0.05365810653936303,0.008340188003326287,0.005585194982058896,0.0016927018321587766,0.01840535336520751,0.4672684273820704,0.03376993190688531,1
0.24774013353455054,0.1282308566952954,0.011893061762665705,0.29654009944314946,0.04384079010604516,0.07048360944067625,0.00802001029407781,0.050479362039225484,0.0844028185391237,0.05836925814519078,3
0.021863111572888526,0.11509092025311976,0.005506756158047585,0.19894753612277688,0.46461810159227296,0.0352168224196607,0.0010450754335094362,0.018690531994900356,0.12225616631872024,0.016764978134103378,1
0.037246435665514194,0.06614590629184952,0.12963262684756383,0.08433751163003644,0.02753071146758785,0.012510160420280728,0.3725112480592108,0.07546023825261802,0.06640981939040976,0.12821534197492906,3
0.016095633155926634,0.5398140410908723,0.025417615890246912,0.04251108840780935,0.05294333440256536,0.026951640176231625,0.03905782311392802,0.11232452510242333,0.05853250795008763,0.08635179070990946,1
0.05428213227730403,0.055206836352355605,0.007127381561025083,0.5845953251146843,0.08151647394077174,0.023241823586520334,0.001563987819684808,0.01851939558301976,0.10263166651782037,0.07131497724681447,3
0.045535053635959846,0.09801132936258018,0.00416919271394039,0.787538832523197,0.04339323767903097,0.004836707945026003,0.001092886460024343,0.003694302380564772,0.005484136783698816,0.006244320515977195,0
0.11580617534190778,0.057295329759273934,0.02577986370919114,0.09680608781160177,0.014117565243028683,0.02940397138899559,0.5547186095727367,0.03824061941292224,0.03381613668435036,0.034015641075991344,6
0.987200679053251,0.0009543749795212916,0.0005232306986759863,0.003066920392257019,0.0007308004018538789,0.002416949386667959,0.0001930621205278785,0.0010811093395825646,0.002821288332876234,0.001011585294786026,0
0.06770283743927669,0.036306932651760306,0.009826051946459727,0.7835481649840073,0.010816509276034577,0.04530558020300957,0.005108887272684844,0.006203514515755393,0.017219330647999718,0.017962191063011643,3
0.23805600763300022,0.024726492383051756,0.13934186402772283,0.12647775706762585,0.05004899889860465,0.009345686301977837,0.038169242399770244,0.03643028644759957,0.04707415612729481,0.290329508713352,3
0.0043027849571408965,0.005054375383837206,0.940786643405105,0.02795827722231405,0.0013550178581114053,0.003005286929057485,0.002707145316983292,0.010226541877761192,0.0023448184380847462,0.0022591086116047023,2
0.04982400933168195,0.6025834857551693,0.0012688425563259875,0.16551213740990353,0.026442654480680255,0.043815087836621094,0.001381694554617109,0.013928887763283621,0.04869451391595288,0.046548686395764274,9
0.036779933209694984,0.3631258828368888,0.009052258419225793,0.1430264719944473,0.02339233450707248,0.17305550053842828,0.002207957234627864,0.12037089908119303,0.11402988126006955,0.01495888091835241,7
0.0485196376639709,0.2614492967467516,0.026306016957949884,0.0928064464984897,0.06861749247992249,0.06456216878320391,0.008483476607593323,0.3158432612623818,0.053882971184345874,0.05952923181539065,7
0.05891758843613428,0.05560915007380445,0.01179092176014001,0.09274789289219279,0.03724477349800636,0.3357858185520132,0.09052450639006604,0.1279619027366115,0.032441207158549715,0.15697623850248174,5
0.06782330287793777,0.13995368109152972,0.02265975825559472,0.2531413671471385,0.049154858266744705,0.09443385786978094,0.00581710495533958,0.15222533234659977,0.05336775529334005,0.16142298189599413,9
0.09631211975823104,0.6545855024486071,0.009316337338556963,0.10073728175720473,0.06851579899136831,0.009484331289014618,0.010777903560034685,0.018061870727521773,0.02593626611304766,0.006272588016412726,1
0.7031455802152832,0.0022854886501625514,0.00024721475518080477,0.0010522420267304853,0.00014025591084067737,0.29236589260742,1.5390196423802184e-05,5.307903931607713e-05,0.0006261835625956087,6.867303604704325e-05,0
0.11303256551877099,0.034322222712482295,0.6798364591483573,0.07888342745300345,0.009010373066293625,0.012428844073105377,0.001306531040926831,0.040340916337528634,0.018270499621697828,0.012568161027833568,2
0.06448285133931764,0.049026539601815626,0.1414247602874524,0.23080953990370232,0.07489783824018315,0.08142060569507206,0.05872913893493492,0.13514012057926736,0.08753333234519434,0.07653527307305985,7
0.3275723072533705,0.055619891631143656,0.01467226217710272,0.19090272324917237,0.11906259365730926,0.009465598908602603,0.014308777500041435,0.05959705492158703,0.14093327096070735,0.06786551974096361,0
0.013711568809750902,0.02469379138550785,0.004277489926829924,0.012640549792968999,0.8959586851528131,0.004590749469064557,0.001130900294981999,0.03684303245825254,0.002570628714906451,0.0035826039949246667,4
0.023024739859607693,0.12653848770925022,0.08512744401558144,0.07618611347897923,0.08413152889231068,0.015363454366926689,0.011382980105257004,0.12686252792817382,0.09627541044117137,0.35510731320274164,9
0.018762625720017963,0.7449194727624795,0.0010429281131101643,0.008186956404927677,0.02087851903451965,0.007511658544921252,0.000213119703799666,0.0021442977677732303,0.15078064713546863,0.04555977481298231,8
0.05961750498121091,0.16818264004435998,0.014167571348813314,0.08604293812829568,0.207160724869643,0.03755485499673875,0.006494837443449992,0.057422255437239174,0.10571354276030827,0.2576431299899408,9
1.8173232718716707e-05,0.0005728146510871725,3.5306685416816277e-07,9.614632082194278e-06,9.509747630417568e-06,0.999365215124972,3.787860846607561e-06,2.113697579490051e-06,3.765061204087938e-06,1.465292502531119e-05,5
0.09739088168908917,0.045118470880546054,0.04104113107273637,0.19846350434796742,0.02371869385730971,0.024470290048058545,0.011778623610737947,0.4522600815349659,0.037636444693418855,0.06812187826517005,7
0.010069030162446804,0.7154356939692613,0.005593803713189589,0.08113229591972146,0.00422184148872654,0.013276045876535449,0.0023927070720781343,0.12264757799185452,0.04203486103040834,0.003196142775777642,1
0.04862798377592091,0.3431564875058056,0.0007445746052098403,0.012757047122132343,0.0015591270283057243,0.5549512143360127,0.0006440484640412352,0.0008486883722254178,0.032818681699490294,0.0038921470908558466,0
0.0024577995869580625,0.042560869678543306,0.006132546768839819,0.835198115039595,0.005461743274940352,0.019579012141556624,0.007122329358936179,0.011824882854017081,0.05047515527901475,0.019187546017598818,3
0.2572736085225801,0.061079062103569365,0.03445421577686939,0.20122171540417078,0.022375195746997395,0.00582225201073917,0.09998576478233062,0.0623503448522397,0.07247652444185267,0.18296131635865048,0
0.05462906381153749,0.07670228531314922,0.06884274855463912,0.09365212706547411,0.041409901235119624,0.008477588660381397,0.05366285455252882,0.4159470412119593,0.06326375219129134,0.1234126374039195,7
0.004267432090603688,0.005874989601207588,0.9259082538204025,0.02625404869817991,0.0010456258275738917,0.005561691448571485,0.0003887174927315045,0.011161081663836264,0.011942402386180911,0.007595756970712155,2
0.03441507780808639,0.029369242321031552,0.3862484118096891,0.25324791654140305,0.03775901584047714,0.012766635911075644,0.048731298566638735,0.1146799848044958,0.03717108163267695,0.04561133476442559,3
0.02447999801382672,0.06738942182357642,0.012964016112723497,0.524656294260416,0.06521918874029925,0.006091042098756969,0.021446424381569445,0.06956696044824914,0.11996558009574587,0.08822107402483664,3
0.057385302846435275,0.4009413975369284,0.010680692663023218,0.21184120490294522,0.0945788253779468,0.06988877929568767,0.006083170761058471,0.08795219623466781,0.038078982569234116,0.022569447812073047,7
0.0823920358080812,0.11745750145937223,0.017935465429599867,0.1903894257576895,0.3530031735091435,0.00787711095746677,0.021640565123795474,0.031618737075870124,0.06543295818612797,0.1122530266928533,4
0.06822882847923177,0.11651034999176041,0.0838602700021185,0.194073832634865,0.04416513401071293,0.01406491934780404,0.04534834212700556,0.13669870991837232,0.09351937362311527,0.20353023986501412,3
0.12352206176367349,0.051940731045659626,0.004311693851420894,0.46199124321495283,0.011548837055102896,0.1347179361946774,0.000766229783508249,0.015469232930038924,0.11892632263855595,0.07680571152240936,3
0.9964540910200747,0.0006965230639148856,1.3651641109285164e-05,0.001712511844313626,9.841485313778989e-05,0.00046452060609891667,7.533284649353314e-07,4.423192507412456e-05,0.0004588264046045645,5.647531320731651e-05,0
0.04116853494780996,0.05503335769558522,0.05254498049057848,0.2350502679130332,0.2344595118023813,0.04396391395746466,0.013114366905761421,0.09188773832414557,0.044094959335004416,0.18868236862823595,9
0.02127549353171517,0.18869966268111413,0.5150503796983501,0.0485290620406464,0.012617822549454255,0.005600157239527617,0.04652001895155242,0.04973084725648601,0.08103312790342188,0.030943428147732512,2
0.014064599840640223,0.04847306796140807,0.08908903876435822,0.049730642500270365,0.03906621570775172,0.0051234767161799704,0.5221433820847748,0.06515378358675483,0.03949791942237077,0.12765787341549054,2
0.06317496716084768,0.15749811761042848,0.06545798151216635,0.0522791290894978,0.040306715411850484,0.00916457276521124,0.07889645699970768,0.1770081313480219,0.1988598361145123,0.157354091987756,8
0.027308584873295735,0.5399617258638544,0.06604478657536741,0.09459950673055105,0.028745398344300423,0.006046525157734853,0.00406242597253068,0.08854660316042849,0.10102678449626647,0.04365765882567101,8
0.0891606680921559,0.21039660167075414,0.1093753842064965,0.05720743785018706,0.18180991133737903,0.04462336502888796,0.0047735616064113725,0.09406148430749631,0.18036023993955494,0.028231345960676796,1
0.03645476437594073,0.014580452540954735,0.0016554948082805967,0.142181634468451,0.6073330908051422,0.18140062665440626,0.001766370192619915,0.002320049020045105,0.009650907489768516,0.002656609644391254,4
0.14773885300946146,0.08745221290155406,0.04379607035689789,0.1834239902397464,0.05951078693882904,0.014332372072721018,0.1687605762100869,0.17231035444254464,0.05483255982219222,0.0678422240059664,0
0.10113319719683764,0.16763787312802117,0.122477208718573,0.09648567871234262,0.14741041430651092,0.017828788013724988,0.084961730265582,0.10943989665895067,0.07497881926071602,0.07764639373874116,4
0.9422259958454017,0.0022729614492668798,0.003602053599035213,0.023642227242633575,0.004112729400233229,0.005084565240817333,0.0006702535972856945,0.001703245950571397,0.011061290863513509,0.005624676811241452,0
0.024751955176125807,0.10490343682660831,0.3411044339666384,0.07461434222389164,0.07269776314770855,0.005207055192838098,0.048088025961054055,0.16311893594134433,0.056365683651852544,0.10914836791193817,2
0.09637210820808073,0.06325038056790541,0.051833660462740606,0.3016073240467,0.028753738511163376,0.0676789824944348,0.011975313933077889,0.13098085997239775,0.19134528934469988,0.05620234245879966,8
0.1347264343883952,0.1684138848820273,0.1650608268317571,0.09347051921829731,0.0410209543136443,0.009234971245290246,0.14494967561209554,0.07409059222515206,0.08039778486577147,0.08863435641756934,0
0.09140104165905771,0.625244870590334,0.012130686765720603,0.03459355553902715,0.023098994334875625,0.06633491166907045,0.00042141984172657865,0.0663115823022322,0.06059339899072021,0.019869538307235052,1
0.008285291685391502,0.48860966375909143,0.012063331797974669,0.03633040792795438,0.08425710985670187,0.018888665810995294,0.0046831808509424635,0.07559138663003497,0.1259022920278249,0.14538866965308878,1
0.05212850305355287,0.17386636848611464,0.0684558626376314,0.1094998986872787,0.05575512379115421,0.015907886024468562,0.06043997646332995,0.2746430990357174,0.07368720374876009,0.11561607807199206,1
0.203423135926678,0.1519625326089001,0.03516574544748425,0.13306570585274885,0.035140881844678895,0.021578166728169566,0.19912405723096077,0.07417292782823771,0.10409211076167846,0.042274735770463194,6
0.009831354415598917,0.00419772739909685,0.004929630030489622,0.005569237185319717,0.942164445432595,0.004998954680443742,0.0004204890416671101,0.007580479669152879,0.00876698145153512,0.011540700694101243,4
0.13963474304651882,0.2543263404344969,0.0436256647167736,0.16176851776013282,0.053511538054983813,0.02540814555749673,0.0060803542178898655,0.09103452141304179,0.15802791018536932,0.06658226461329587,8
0.13220363996733697,0.15657654981611915,0.05530627028459492,0.16706555926082783,0.016265887566793806,0.020361531633600525,0.012948744712058957,0.15546929150557154,0.2103656368643184,0.07343688838877786,8
0.0408286863717907,0.07793931061887543,0.08680326792464374,0.09489409099799143,0.07665010240188577,0.0714419164951047,0.03604065813263251,0.2300890016746782,0.1925614711914841,0.09275149419091373,7
0.033514356913857506,0.02063934679754727,0.014074779813918331,0.02602322508030817,0.002557142120430451,0.8330790055492534,0.0007081787975759269,0.047021571228361425,0.017110650863178332,0.005271742835569214,5
0.046687873740140176,0.07486739559907997,0.05969635330293927,0.19464620378285913,0.3690391421494921,0.008782386515655174,0.005423694375251481,0.09516602214231173,0.025217699998986532,0.12047322839328446,9
0.071166925862251,0.10859155292289192,0.2585354497263506,0.05642751385132953,0.06746955067683698,0.006745634359169009,0.02149254905183328,0.24486151113111876,0.06775741885931423,0.09695189355890511,0
0.0006038307860125061,0.0010122372638726126,0.0003139192341151037,0.0018096954862728042,0.0002961659498394243,0.9916527069033596,7.565553572856658e-06,0.0018308865041630142,0.0021583409573492844,0.0003146513614423919,5
0.016499349536139914,0.05152948755564288,0.10197899547591967,0.05091598114985611,0.0618715204050304,0.004453117530696286,0.3828538382503032,0.08277521727623818,0.04251497137219489,0.20460752144797864,1
0.020678160690612738,0.07237841916524507,0.055133492062030685,0.058833224780167774,0.005147230851637044,0.04608954134722608,0.0011477180590018605,0.6650806153896511,0.04938499433422331,0.026126603320203952,7
0.2686277492537098,0.0370345563007338,0.10913829417658037,0.19383989516915823,0.08347891000302633,0.03256949500747426,0.003589034973437091,0.051248605980356396,0.1790524549465594,0.041421004188964626,0
0.022256016792029275,0.039721693956915785,0.08736082695117174,0.06322683030274354,0.08112055826471694,0.006965720933948066,0.33221987003137166,0.08967111401087627,0.05482847692896291,0.22262889182726434,4
0.11776122669872782,0.056505067192457285,0.08671300265769892,0.2047546500255203,0.13859976611244876,0.02040745497837309,0.04584280081497528,0.13119923584843646,0.051230034242857894,0.14698676142850434,3
0.3071125447569032,0.04657228956576583,0.06126869015957287,0.10751202376110916,0.04858319093037745,0.013191836943901407,0.07745396022854877,0.14822259303988036,0.049882512272297196,0.14020035834164424,0
0.25931838913530225,0.03299457102505409,0.005549717298512252,0.07427247645659096,0.020963285764967365,0.4349592612261286,0.0028984024541712124,0.006019166514875461,0.11955508823987022,0.0434696418845273,9
0.02598688250916699,0.29400410362804674,0.030213897626814597,0.25317387456926393,0.037301463993738425,0.035639539376014315,0.042901310694157924,0.06348857940328552,0.16461489095252144,0.05267545724699026,1
0.19405278912645182,0.01860581686872401,0.02252500727807329,0.6423850233153566,0.023072284613915396,0.004088841955209583,0.0013226240868680988,0.03618691008141773,0.04466587026055798,0.013094832413426346,3
0.022016048272811,0.0065246957289432335,0.8850609918097755,0.030713702058966574,0.010589971998681301,0.001110099182018814,0.000597947282446166,0.017743973364843946,0.011538121954571687,0.014104448346942166,2
0.027575051416324013,0.047157068695068576,0.2314093331180853,0.04486507860554084,0.06717508694708058,0.011378401122136445,0.16151483012681897,0.3159308852393464,0.0379549775530643,0.05503928717653536,7
0.05801613126328565,0.14340545585699374,0.1899817974177902,0.2405749901387207,0.009949730836988116,0.03236618659376637,0.004613351620253727,0.17019589732707155,0.13193918696817505,0.018957271976954994,1
0.04806067116814294,0.08687001983512954,0.06740954872716758,0.03505733222517881,0.08100502321469863,0.01536365957374327,0.21417059121378515,0.05530968400688638,0.051210502423806196,0.3455429676114615,6
0.05527616468435729,0.3782026261626505,0.05904785059726845,0.0702825391724767,0.12502637803963365,0.026569960331049917,0.013376596859824732,0.16745375561024456,0.07087722565180749,0.03388690289068692,1
0.21247259152332748,0.3678667143736049,0.012955821337528955,0.055058515749098993,0.005695891646981178,0.03719660818849875,0.004624734488916416,0.06807958906156802,0.1571126083859061,0.07893692524456937,1
0.008727549468597329,0.007402282108494918,0.00017607483623238813,0.005000254015022407,0.583727103294195,0.380125890394754,0.00012785547900436803,0.00521624694614221,0.005519719365232595,0.00397702409232514,4
0.031163327134250317,0.031109168667507767,0.009044090901870597,0.09081079263934284,0.02942838804456186,0.2534744587085424,0.0019282327614987028,0.009587887792484115,0.20835484742550336,0.33509880592443797,1
0.12038412041179307,0.3849753644442699,0.08249932303152277,0.07984690187157877,0.008688736405623256,0.008880364331127698,0.0016174963117424267,0.009595004541202153,0.2654284420949249,0.038084246556214715,1
0.015685006571430984,0.013554304202760388,0.0019101753494459766,0.03674324264399366,0.03522311874591408,0.8116146956697349,0.004964272153520971,0.006476256893892546,0.03855807659117954,0.03527085117812729,5
0.132571274988609,0.004093227947271732,0.002076523016608071,0.7889904035190267,0.005986738260646928,0.05155109603623887,0.001816622186034421,0.002453848182156834,0.007060264765885405,0.003400001097521459,3
0.04643084566542415,0.6255118284134941,0.007792417085940896,0.02705542746570196,0.013509367401455183,0.015292179933949305,0.0011932242592258989,0.05601210250522925,0.19196451241202803,0.015238094857551671,1
0.031113324061434036,0.01417795319473751,0.06497214745111882,0.052316713564022566,0.014567935103933937,0.009401558434787252,0.6936401804828497,0.03238343797742881,0.03546411764108858,0.051962632088599706,6
0.12056631021588093,0.07623802243911092,0.06666150119777971,0.22744269203696135,0.08161594499492056,0.024993885999461982,0.02865535366033979,0.102196676126357,0.12746742110131604,0.14416219222787194,3
0.006385320191596671,0.01708072543651095,0.924781888003449,0.010058948953192419,0.012476650994908583,0.004120662576274232,0.0015842040363901113,0.01459901714077964,0.004713775491465093,0.004198807175433976,2
0.015650945415783577,0.03938613339713207,0.092942012838256,0.04390235367648124,0.0513266856899017,0.00522155528355097,0.4790363375994088,0.06375736503969034,0.03318553255088272,0.17559107850891262,5
0.04840357584626425,0.06709423567261855,0.07315152739551041,0.12713087561628436,0.10411837325023524,0.06704268342595468,0.0128298128080371,0.01940827571024797,0.3497023239397923,0.13111831633505525,8
0.042595353294975664,0.13137286665415696,0.040384594934281474,0.12664817329665676,0.07946105163502547,0.00992274807864962,0.127169008378342,0.23429904151380482,0.10465166293595349,0.10349549927815392,7
0.020291950372938537,0.3478089410905533,0.00018784730585244942,0.0029442982399595957,0.0007897325298945811,0.593389654138159,0.00010303548412908352,0.0005114604633879995,0.03277748497782823,0.0011955953972970805,1
0.06944523957783906,0.06147931421270328,0.04786040438856929,0.1470078658068343,0.16784696109449607,0.008297953695961108,0.018376125292514818,0.36336556787272145,0.04158893869350772,0.0747316293648528,3
0.0901730416888572,0.10526940136911253,0.021714486716536273,0.35836396438474133,0.06946046768305741,0.07156658725343873,0.007153650684288903,0.05535212167179593,0.06232613459917957,0.15862014394899135,0
0.6770650545316417,0.018974951717787406,0.008052707623950845,0.07660565698018167,0.03672077606413563,0.0229373443194604,0.030998911413533125,0.011738963016327906,0.046694068551965374,0.070211565781016,0
0.007442726344251759,0.017090080967499678,0.8537621483031236,0.025365361716410413,0.015252241339044514,0.003228960464184585,0.0020792982365349655,0.05660324115828247,0.006960957691044228,0.012214983779623772,2
0.02483008336807434,0.1921492483496448,0.0331175165721599,0.12707132031010482,0.06472074193482137,0.04834550320944009,0.042131962785619086,0.10221034300851939,0.24316504577572715,0.12225823468588913,5
0.5117728586957898,0.04426264698094474,0.05028292659150291,0.12593423768793932,0.03977068339368728,0.021007077893148967,0.018131341665100116,0.062014481614190924,0.056282641192485314,0.07054110428521018,0
0.492236463282416,0.05481536475976529,0.004802021893307905,0.09022943369350654,0.008718588677402958,0.25302879686149365,0.0026458692049011008,0.01095400449452544,0.07202616029860083,0.010543296834081286,0
0.02520390535801374,0.21254353196046644,0.006799308894483562,0.2253777140481389,0.15328254439329522,0.05039044010660513,0.02279715868267385,0.07191047694803017,0.16631738165410523,0.06537753795418806,1
0.6496422516028595,0.03131821634358636,0.021467084712092147,0.14630958483855308,0.019503723299851165,0.011632642252339677,0.001585148641621475,0.03281526706399636,0.02347311565726659,0.06225296558783387,3
0.8486857683076214,0.038920061862926666,0.00040805785201228806,0.0036916632255049576,0.009823386704842384,0.07386692546884165,0.000277384336462267,0.0029680783377823384,0.018962562054954883,0.0023961118490508646,1
0.18504476925705374,0.058656345288432866,0.08920611071192353,0.1458376066504224,0.01450390627951527,0.05932186867555024,0.3170453206015758,0.04911597204230793,0.03862511822761273,0.042642982265605575,6
0.019339511602032004,0.03159820626578752,0.03754431283187001,0.02158922300895929,0.7263577882625055,0.004903832217099814,0.006132091465862787,0.05923721007291884,0.016153274339901262,0.07714454993306334,4
0.0014300978774182726,0.00014511683324675223,7.164054397673449e-05,0.00020761688913876976,0.9974815535674569,0.00046981168155595706,1.3090592222399377e-05,3.290711603925578e-05,0.00010320550503192894,4.49593939131689e-05,4
0.046788241565351676,0.1370494843397164,0.0029611459842143854,0.642043117358485,0.02460677122109203,0.019478617648045534,0.056069848057096874,0.02774655364447016,0.035753601778065816,0.007502618403461859,3
0.010498069922226053,0.0004340255378876404,0.9658740859279515,0.012572841245107654,0.00027771028624934494,0.004007567529357549,0.00017432006848470147,0.004267061452181753,0.0011340172380888483,0.0007603007924652422,2
0.0685061970429973,0.3427264234357345,0.028702311681346813,0.2848750974495966,0.02215185607262045,0.007386899369643646,0.05297127439928356,0.1073183946060516,0.029503525482267572,0.05585802046045817,3
0.01597423659779445,0.052194021437050306,0.08034916559424544,0.03719472944476989,0.050132276025965566,0.004720010466515451,0.5307400023491806,0.07616344065138074,0.04536929395033599,0.10716282348276093,1
0.03971754533619439,0.22792912829112133,0.05693770716033168,0.08002942812996545,0.07001622500169227,0.010780611880610608,0.17024369829836003,0.08875928524296767,0.15356102729725407,0.10202534336150249,6
0.056344221387609895,0.15651123143190313,0.05778603023068304,0.11110132102369072,0.07341547070786818,0.01825639095257781,0.047475563505599595,0.3148241443916555,0.06575151989712547,0.09853410647128688,7
0.06959920257512384,0.015664205687614816,0.007500229570298646,0.06121867701549797,0.0025846617118291345,0.028361172058018847,0.784176562041258,0.01725000777715571,0.01153604886437557,0.002109232698827409,6
0.06565741424884425,0.05120561276792473,0.04168458496650042,0.051078854710543,0.05871751749547919,0.038820847958562,0.4293872578086904,0.06042795672182654,0.03691684074052198,0.16610311258110763,6
0.015171641358117703,0.04383262795070289,0.08597544461605675,0.0442774367257792,0.05681085251174279,0.004528258386032186,0.451746662855201,0.07268388212829834,0.03599136517712053,0.18898182829094934,8
0.04122751225620229,0.010071529175362687,0.0074078767032454505,0.39043095224673696,0.1437318219906972,0.03609477392881992,0.056714408063534553,0.016558494648118267,0.028513685928102633,0.2692489450591802,9
0.007250152849989575,0.16834758207108347,0.4255277156360186,0.02855468413661663,0.034481434277516015,0.00489613287850979,0.03128784735489394,0.14971037441149088,0.052087753442721034,0.09785632294115988,2
0.03225697871813295,0.6844007012151964,0.00624966276075493,0.06132712821731264,0.011573309952827394,0.014454425067108444,0.005800260431594982,0.029747474587057916,0.13826637908597036,0.015923679964043824,1
0.02992891039670145,0.10699995485465544,0.19426616196888796,0.07896946662257094,0.04609711518645722,0.09512153017990838,0.05170320100648779,0.22087306939356496,0.12425741947986069,0.05178317091090537,5
0.024830212491676336,0.3487914214080333,0.016567305139191264,0.20578215815440504,0.04243330272822631,0.02309942651643734,0.011982270701702187,0.2462423787691819,0.047985047266511205,0.032286476824635514,7
0.06261875505754202,0.25122041245775417,0.052545656099487636,0.18765373698276647,0.01969183500632824,0.02046603892544564,0.03652853759329643,0.10635000122874336,0.03621961584691619,0.22670541080171966,1
0.04041841933840031,0.07248894588062355,0.07113610315574592,0.047265357602218526,0.42895003571876256,0.01139925649638571,0.06715511577617629,0.11539730597790712,0.06027405274827637,0.08551540730550362,8
0.01914391622231342,0.04160712944203761,0.18663044164472464,0.04539367187663605,0.05344349909983444,0.004569439465598158,0.4016389086287615,0.08486741878696906,0.0322402144281891,0.1304653604049366,2
0.9199203076362396,0.004634180765942525,0.000997978864086351,0.04205459633262903,0.012631292283112359,0.0037937898155503314,0.001390191559333747,0.004797392207691534,0.006377364497413539,0.00340290603800094,0
0.04047331312434916,0.26604708879457634,0.008922722225745772,0.024190916540928507,0.43842976904847125,0.019250662756616216,0.0014165154483891413,0.03844800162255791,0.07753951901529314,0.08528149142307218,8
0.05667014368419269,0.5419264295669468,0.037998635255681736,0.10615005805126214,0.04611829330230121,0.022469117367306474,0.023941939681554652,0.035841195439550555,0.03318913579515028,0.09569505185605365,1
0.28670562552049617,0.05267707436119833,0.004647757800373815,0.389010182375118,0.033942237457728765,0.023214592410946155,0.07800772767679147,0.03534340565391285,0.03334076414099812,0.06311063260243652,6
0.02331385748238204,0.037055591061891616,0.03390195529210925,0.06822587989576195,0.2830689320824511,0.021584767342005765,0.4214760572817683,0.030259696360533897,0.029939684925643122,0.05117357827545293,6
0.017162778513040218,0.014767403630074697,0.7767084842455038,0.019808676194976595,0.03909530357205693,0.006962038522372177,0.007296812529537322,0.07744290361693953,0.028306448756870942,0.012449150418627188,2
0.018870904889794014,0.1911881001698093,0.09469123611259864,0.04101992620714968,0.0668298208409021,0.04641509712444001,0.03723427622491629,0.08270746688736517,0.15649470504958513,0.2645484664934397,8
0.031089519985935597,0.04758775336706682,0.033367653857019515,0.050522354816044404,0.07645888449191506,0.006612247095607801,0.41861779593553544,0.07330039601957607,0.05661334280138447,0.20583005162991552,6
0.29848562269408463,0.10482696532327397,0.022650146844623853,0.08140283016431263,0.13224876489273985,0.06957641232590354,0.010593313315046963,0.028341981939022442,0.22074847126248667,0.031125491238505044,0
0.21063463902639423,0.11524672529169454,0.12478283804383859,0.10693609336845551,0.00919188808164993,0.010145872425761687,0.018581985112271528,0.034444887801462404,0.2941315457085827,0.07590352513988922,7
0.017794378772170025,0.12412259594083462,0.15427591742985536,0.04565558730393363,0.0773730013692956,0.011976051319449232,0.09808323430091832,0.2471970788662156,0.054973275568746434,0.1685488791285812,7
0.06344416134003049,0.20075384545021704,0.03072239129017597,0.09380370267031395,0.22409330506374212,0.018346055481760454,0.03167748081871425,0.07990780349508811,0.138990365980558,0.11826088840939965,8
0.03154610472424241,0.08220224828935341,0.3348506310346321,0.07850842668387367,0.05107171834583602,0.015281662060060893,0.06266864723120652,0.23487686482204817,0.036359267148197864,0.07263442966054845,2
0.28316713326439996,0.04949728083708513,0.007637668080019891,0.03223058884720543,0.4044443577540306,0.014424758485683082,0.0008020683171094435,0.029730683022574613,0.12071856188826002,0.0573468995036324,1
0.03227110747401635,0.2921101359555816,0.024553368428128202,0.06088803400287338,0.031555552384273114,0.009367048725715957,0.023907057807163356,0.10963439343002836,0.11529269072678339,0.3004206110654355,8
0.02863913622211464,0.021255284043385853,0.5592326025448722,0.0650693204823564,0.08059430233786898,0.01140342328246316,0.021095238679382157,0.08607677806021699,0.09553324596676954,0.031100668380570327,2
0.025436696137725825,0.027657863386748263,0.012287420869830054,0.0653669448039358,0.6844220478800894,0.02244291185984129,0.001212398713758512,0.021822452303089858,0.10588870295301624,0.033462561091964424,4
0.012861766666590297,0.12045354148605321,0.08403361780534291,0.06769031927375206,0.1675033810053375,0.019974028784695893,0.03837954118340054,0.09516624777738168,0.1827087567446427,0.21122879927280264,8
0.9795250571602964,0.0001761774380383905,6.592549764860443e-05,0.00019192375123625022,8.26640904141703e-05,0.01970332932647665,3.2864841564317013e-06,1.1992420038525297e-05,7.620513048049519e-05,0.00016343870121431658,0
0.007122672145565858,0.03648433227074494,0.005100411875373274,0.8477647721456424,0.011455051265370289,0.01549820765440094,0.0007538433613184017,0.04987947640874978,0.012130481678144527,0.01381075119468971,3
0.056059440076892376,0.048482224655109776,0.0608220014732673,0.21231687827687723,0.05352900052124867,0.010611478953153454,0.16011945557502588,0.03354463787433197,0.1345177242172297,0.22999715837686413,9
1.4506392974369195e-09,3.873296527356391e-10,1.7052906209835154e-10,5.641545379853991e-10,4.1065600521186313e-10,0.9999782637501924,1.2764150820608857e-08,3.333706902989222e-07,2.0233770054217648e-05,1.1533616036426926e-06,5
0.050204168655491765,0.13032539406575755,0.014556521191793763,0.2290068266952418,0.06934350525137682,0.009383954348404527,0.02467327032061776,0.14080203681095027,0.16849082402123156,0.16321349863913454,8
0.5627372322850811,0.07283727460788426,0.001593814921703692,0.013122639835893334,0.06914441190585363,0.010637462025810864,0.0013783425216785192,0.006214682027028722,0.18951452187845788,0.07281961799060786,1
0.025428044226633063,0.4895657452562833,0.18517801276844653,0.08108961170029942,0.045425167311655495,0.013320045233273963,0.020139010840972086,0.029111135361158957,0.040680245001579254,0.07006298229969822,1
0.0768720213318857,0.08081889555744938,0.019916851631907873,0.1577307767124959,0.1344356484791128,0.05053627331348549,0.13096674656233914,0.043020244685731124,0.11876620595789068,0.18693633576770188,9
0.03870022126292912,0.05549632520909573,0.06527423446498788,0.10394542898083811,0.1080553758837301,0.027795154812217362,0.15384734477080242,0.18395899491826395,0.0725944297201858,0.19033248997694985,9
0.011063369222779068,0.031537931829673155,0.06044585736506264,0.03335910044285783,0.03754330159909554,0.0035879630780659573,0.6325985135201457,0.043345509232963104,0.026387114420774592,0.12013133928858309,6
0.6082894027630107,0.04572010767216224,0.004331792798970212,0.05757712259031285,0.046734212727195065,0.004402315414053837,0.0032635960801799943,0.01331911177802418,0.1563543814381026,0.06000795673798831,0
0.13360439178269665,0.5039792362228368,0.0029149251330254956,0.0017839033523898967,0.27943712653432035,0.03556381240591636,0.00046533885059184385,0.0010546222458168093,0.039612166200553287,0.0015844772718524964,4
0.046042908577658366,0.09053874392261081,0.04531362997753219,0.07088436175358755,0.019068279990829263,0.11552724934759129,0.48998077461761635,0.009249198217931754,0.0848618084396005,0.028533045155041334,6
0.039308974129089395,0.14605415008557562,0.14419658353696038,0.10639001865721494,0.03835352120852399,0.017204059529794452,0.03537959665806249,0.1420559232014932,0.1950264792181778,0.1360306937751076,8
0.018421290341960453,0.032877739041766496,0.040127148839880306,0.04549958062977275,0.5983368161381968,0.0075692043130998156,0.01021821230968425,0.12817828342180318,0.02020189258247822,0.09856983238135798,4
0.032821237209021505,0.2517897900703652,0.030064797138673046,0.10326972468434724,0.006693332028227438,0.013985823741466667,0.005691958247731986,0.03926886626361728,0.49697214437094467,0.01944232624560494,3
0.06521073313266022,0.16893521931483774,0.0021135404619652028,0.0109413954759521,0.007485287457958495,0.6944983889226791,0.0017470934897628858,0.015502379670602518,0.029029770183234656,0.004536191890346617,5
0.05357980539542449,0.044467920802039804,0.1228916489571616,0.07779424037814714,0.26719875558262485,0.013103517417033,0.038923134512411355,0.058869080461953716,0.0844576368901771,0.23871425960302697,4
0.010992630556949311,0.0574993748944527,0.002535490069361451,0.023073483852664448,0.0061991147524256334,0.832908766782475,0.0030896493995457137,0.02233982136584452,0.03145037162811188,0.009911296698169418,5
0.0017343916554232498,0.012795192980501179,3.553597024829455e-05,0.0019015198236974039,0.0003241867747636993,0.9767080908015202,2.7216291581659918e-05,0.002294137401652883,0.003721980956200397,0.00045774734441152935,5
0.02380050285232849,0.0738417059785343,0.06090362536560117,0.04850925247574111,0.027229807088568612,0.006125430605969529,0.5026647847634964,0.05413368939221568,0.05452937394006508,0.14826182753747966,6
0.020182392048095774,0.13457735502369694,0.12262102247374146,0.06174823289922902,0.045401926066387606,0.00916938711009996,0.16700818418757454,0.15604827263891813,0.07567891729146638,0.20756431026079042,1
0.0310730159767587,0.1457393994794049,0.06264167541370337,0.09160176294451679,0.08261624695667717,0.012315852224763228,0.19662004150788226,0.13899744158425462,0.07204103497403468,0.1663535289380041,1
0.021780745215048913,0.047270384196926446,0.08195438738152687,0.05807325946063361,0.04557557006884712,0.0065556520379362855,0.4407604335395127,0.06072316945705511,0.0659534818058069,0.1713529168367055,9
0.23925821652278384,0.01888656431504763,0.017162100407381302,0.43659946207561356,0.015195421581452453,0.199528078618794,0.004227716512445551,0.01427508470823539,0.043569513991753864,0.01129784126649214,3
0.17313619930328683,0.23380283120852233,0.08803392509939441,0.12907413741759724,0.029635513540138294,0.021337835839461174,0.004840738482179815,0.07427207501938733,0.20281497387529568,0.043051770214736926,8
0.08724193168533748,0.19710627095545394,0.08170356546213096,0.25537901231994875,0.04907015990961216,0.04390124121980518,0.0020571416077964284,0.15268217240564189,0.10353459790612127,0.027323906528152787,1
0.05030812705150065,0.1724088948586209,0.025439674695505676,0.1300966104453661,0.1027531343783332,0.06210483860472981,0.02401556934645554,0.19373222876768978,0.1662942847609637,0.0728466370908345,5
0.0046036540791683615,0.6926096213299836,0.007014771012903938,0.13822630002087496,0.0164793926709762,0.05595079389796668,0.00066364858339785,0.031646829237463245,0.03575380965543799,0.017051179511827122,1
0.007778121860616611,0.007237228684210175,0.9476315346596407,0.013499090488931354,0.0042543468659314255,0.002094758239254489,0.00036731744158450175,0.01073854906629911,0.0026893887397209846,0.0037096639538110984,2
0.11170477284132273,0.042658569882203644,0.09455254581219316,0.10541934405499886,0.06584194314758622,0.01654611451130068,0.025733219253800416,0.43590937193158297,0.045979546427783555,0.05565457213722745,7
0.12084875542895519,0.3336846448874765,0.03422874483229324,0.17134484727139318,0.02674085294706689,0.011892966030245762,0.02247212184102765,0.07412646353874237,0.06355945549812367,0.14110114772467544,1
0.0009250202939520218,0.004950519401952245,7.612997464833821e-06,0.0008527804271429323,8.813507289291545e-05,0.9921528916086354,2.72395890786057e-06,0.00024874839783965415,0.00035821485822634934,0.0004133529829858156,5
0.055084195595511275,0.02383244735001659,0.0033303715275521226,0.018526507900104724,0.008491092048696582,0.033984848059080607,0.830984411078614,0.010326549417972352,0.008293191123814818,0.0071463858986370865,6
0.023931064093381256,0.2073266029609048,0.009942289097754986,0.39924184047712497,0.021838422366150825,0.03810276194351862,0.010866793997365174,0.04050580579395389,0.16141229654322123,0.08683212272662445,8
0.9562088124744447,0.004486569351283247,0.0008087887189738191,0.011188495857196069,0.0038105992163861907,0.0042094407566233725,0.0007756123451639178,0.003974780985314079,0.004039370599859506,0.010497529694756218,0
0.02515064214514441,0.07399316464316837,0.18758544078478923,0.06543739973250215,0.07418637925762175,0.015549607231653289,0.1286808164331066,0.14593801767896186,0.06696193941333636,0.21651659267971585,8
0.008484614608786323,0.7957513672235844,0.0027335778836659027,0.03426269016963706,0.009685639311696692,0.050988617623329714,0.0018261463947584352,0.051630459999812195,0.033431446586622546,0.01120544019810667,1
0.03049381459293696,0.05799504403392766,0.09641384142693898,0.10956542626425882,0.08863057806372576,0.009590142006413982,0.14735699939641742,0.1866188935692853,0.05564346382052372,0.21769179682557127,3
0.028302394626196558,0.009297695957959713,0.891948899328616,0.037056589787185436,0.00114826663762702,0.00922434442274064,0.0009151228169001455,0.01691289131492797,0.003424801339654376,0.0017689937681924462,2
0.13540677257082112,0.1799677635956571,0.08175401360010413,0.13924943061186282,0.05510492230753715,0.12915985429888097,0.01032561230377756,0.10832820938584854,0.10323893875072081,0.05746448257478961,8
0.05378944780965566,0.17013410933445822,0.03434937091537159,0.18827179345006279,0.03625512117598942,0.05937115513269264,0.30596572379961695,0.026185870167625948,0.0973204443928306,0.02835696382169613,6
0.3797738639124887,0.028211176680559467,0.03743996079799915,0.19527906069190548,0.026346440572984884,0.028954993691856678,0.005753149123783747,0.021998707398156136,0.10194556786936237,0.17429707926090304,9
0.232920546558022,0.04585937189165381,0.008462210406519762,0.34993711412081197,0.08412578006845191,0.01830927800897091,0.004292505236653691,0.10119059925383468,0.08724226676137156,0.06766032769370948,9
0.01892635206180218,0.1082387967775742,0.041536745763116,0.08053932227688569,0.06641062279101784,0.014218889674871012,0.04651963032642744,0.36407632980280547,0.12015272094412688,0.13938058958137328,7
0.006294625553333208,0.08453031966269012,0.0005457547278243188,0.024100973209266546,0.05471354901975271,0.1942220077689919,0.0006669416964681028,0.0012828578437333136,0.6281311056716734,0.005511864846266972,1
0.025973410888384705,0.03246434289486194,0.09441447864711014,0.049809742889474595,0.03781386553985907,0.009913606739277544,0.027705872550352815,0.6236838114552031,0.031001148855673986,0.0672197195398024,7
0.11647162138438714,0.18869401296135682,0.01719475775273339,0.2735268539167475,0.03485301261798051,0.06825218069420202,0.009376289069893812,0.1489391022409724,0.09689717941535414,0.04579498994637212,5
0.3258531845175156,0.10372418568108904,0.008361390023627489,0.2544062978481793,0.08680632582325022,0.11736839400459458,0.002630824288475001,0.022183144436099794,0.03751293421156598,0.04115331916560288,0
0.03616319336135323,0.1266091655456032,0.04808255347323167,0.12288835815664537,0.06842047195808304,0.11986330148968684,0.0292970937697658,0.28994338893420846,0.0809151239792956,0.07781734933212683,5
0.03617543389640409,0.04761054708832979,0.02184051793427267,0.5760507962999597,0.024558185055301936,0.12654695591344775,0.0028679190841095596,0.017989704474782202,0.06358626266676745,0.08277367758662503,3
0.12297618040232947,0.08849899987676244,0.09177185285996475,0.035713810711861485,0.023834014616753555,0.016471662639425757,0.016095584798477256,0.3786335912184117,0.09633482011421642,0.12966948276179685,7
0.041672136924616375,0.026985339527222988,0.00968260276993958,0.026303272490572103,0.006031356623986928,0.00565291062422609,0.8520130944028281,0.0048804298925731945,0.01757018522206535,0.009208671521969263,6
0.017014929375114878,0.05237387545074038,0.053854144812507734,0.06436629857824533,0.0634953965716131,0.006206158224511657,0.3834067797074538,0.09442223855659794,0.03975799465070174,0.22510218407251373,9
0.04590833467866989,0.07839688242913649,0.04830450811642551,0.12815807255152256,0.015018827073184051,0.019899276762033426,0.005099894104378194,0.060194208988135066,0.3794746226937612,0.21954537260275403,8
0.033554408700309936,0.011166952087876906,0.8113723473107946,0.03096419438136065,0.023790899373932896,0.0077947763839012136,0.006493893324304217,0.022442131555845915,0.02729021174818639,0.025130185133487415,2
0.01659362469396684,0.02216107713115145,0.005138474920284882,0.004460469698542329,0.002201641102107333,0.9102617117895538,0.0005088495537287821,0.002039350464956292,0.033194241798507065,0.0034405588472015297,5
0.0030672730055676814,0.0016385727649842804,0.0007534636183617542,0.003149428388174246,0.9731708707746918,0.005659747688790712,0.0005657060890462915,0.0027782498304651055,0.004640834371695572,0.004575853468221981,4
0.027005492717816732,0.35874221942622586,0.008365231313832737,0.36231531357345154,0.030762437537716226,0.07506990044792308,0.005085413612219533,0.06589458699193965,0.039754549221389636,0.027004855157485266,1
0.02765153183084311,0.07122922746882668,0.0975122885949717,0.09834051093437729,0.05021477021475803,0.006110228575143297,0.3276487568900076,0.11995511138925018,0.03840737988528945,0.1629301942165326,3
0.07983014103750348,0.0059390698569351435,0.0014077073910011932,0.6967037846593999,0.025527435240642334,0.041647257854884046,0.00124630087982528,0.0018413591814994473,0.14373379635980912,0.0021231475385002163,3
0.5179343518697617,0.021523089051066528,0.048762386969998905,0.0963349518222401,0.14195130084476346,0.023491247052194415,0.0012178855559578832,0.04826214629641451,0.05814093976446149,0.04238170077314092,9
0.3843052769932083,0.055888850494940474,0.07753524384968101,0.031181459076409485,0.1455402168865529,0.009978123414517339,0.004986158293883768,0.018329637160554704,0.0763260219396173,0.19592901189063464,0
0.0243116446895934,0.08718464854462363,0.1625893794287496,0.08593392982551205,0.06593111348395173,0.0084598371829638,0.19064851592886925,0.23123970087270407,0.05471546573945684,0.08898576430357556,1
0.028518961929987548,0.07330310404588332,0.06680788255650079,0.058554878999389645,0.3288613398171712,0.006306803342733054,0.10282893292147004,0.13444140086143813,0.04682305744059843,0.15355363808482772,4
0.011868797758251535,0.025718238314611484,0.03925969853667605,0.029536453666558764,0.02948742045863721,0.0034485396166412034,0.7281920175743721,0.030859697634662092,0.019356835559321186,0.08227230088026809,6
0.676888097668388,0.004800424144070915,0.0005640644489439413,0.04642825440753878,0.004048793070274373,0.2460004525800929,0.0002535928263285392,0.016058160263207617,0.003555855141220415,0.0014023054499345594,0
0.46533886082132386,0.2942070932547312,0.004138605412810675,0.12455074347097195,0.017207908338311578,0.06752645436127704,0.0009954745711733654,0.016105538850925666,0.008647135021540278,0.0012821858969347371,1
0.008995237488822963,0.07516107332622621,0.013490236291532494,0.05197166079135916,0.0088352291787139,0.018922036906321788,0.7515909218631995,0.026542368259935684,0.02655976150355999,0.017931474390328356,6
0.03233083455810074,0.07942348652498678,0.017364002609589778,0.06661435735711829,0.4193556284800266,0.2089602678137806,0.007329529632861519,0.054555619754794546,0.05735371464042665,0.05671255862831422,5
0.16867110840817537,0.002167891232017249,0.6048021081073643,0.07066437708691785,0.0024955483806506306,0.12950994654235362,0.0013056718212862946,0.006581733452381212,0.008171529102208157,0.005630085866644923,2
0.035101515363659685,0.19771253033811514,0.06660562787141626,0.05351039354856654,0.09916975267168918,0.019546796811547806,0.1583189272143325,0.1681459519921564,0.06782800656390649,0.1340604976246104,9
0.1835934766050253,0.1806213380753839,0.0418794239893807,0.09749178489477546,0.08172428495639797,0.011414961527339465,0.05177239801086359,0.059335385926363234,0.0942728979306946,0.19789404808377517,0
0.034639655470406795,0.6407930102432616,0.00043785062236352296,0.04033382576186513,0.007767917079995062,0.23664405903775498,0.0004886908263351204,0.004872157079983184,0.03245027667858037,0.001572557199454286,1
0.13532624406946045,0.04786009105130595,0.10858266003734449,0.31518980718677664,0.07850876281957186,0.012722283607098293,0.033414965338991104,0.12465993966173224,0.03808765303630487,0.10564759319141477,3
0.017111762197113956,0.07671898885875048,0.054444154340449954,0.05377624445890596,0.5468882289610777,0.01177722748956213,0.016605531106850577,0.13361375117131205,0.02532510740955634,0.06373900400642131,4
0.002438477765680624,0.0014969693064188618,3.331113118155753e-05,0.0022876393432285573,0.0010229193500899817,0.9886931655604851,2.249385408540337e-05,0.00033931146881257884,0.0012281895050271616,0.0024375227149908358,5
0.029710321394732717,0.048846828927482426,0.015717479351679494,0.11255988220107951,0.08017029080387908,0.5577829864410357,0.013436343100479215,0.030403637463467515,0.0826818654582652,0.028690364857898297,5
0.012836959144300289,0.09876769324668687,0.02921530952500334,0.02541336839889394,0.050380328986194794,0.04125498621498158,0.004225536533165671,0.4311346379993853,0.2256722116478528,0.08109896830353523,7
0.002179936125477616,0.0048552409866615825,0.0004338418311184539,0.003060869294561867,0.0001427645169922116,0.9847371197529176,0.00014088767878476114,0.0013686968164421031,0.002578587156989243,0.0005020558400544614,5
0.017832463085207653,0.013547967157682608,0.0004936108811778412,0.00883133140977254,0.00046498514853242893,0.012703567324209703,0.9238542424484026,0.0021285063932208427,0.01894056572033157,0.001202760431462332,6
0.016248311336082732,0.014364247146224812,0.08026155314562076,0.24638915368402792,0.026206141747346586,0.41614697348290147,0.002606531666538109,0.10406005507574684,0.06284710338136312,0.03086992933414743,5
0.035323661341993544,0.09768899392507512,0.1664755633024847,0.106785003564933,0.04038251081138967,0.009369409496019224,0.008304180878760137,0.15674868218587437,0.30144952056241925,0.07747247393105113,9
0.026163864177434087,0.19806885605510563,0.13308001611910977,0.15465431387915343,0.04536616793773172,0.1300343367730334,0.11413808930364702,0.09559325835017059,0.07993286782999255,0.022968229574622134,5
0.08499363624957083,0.08444141931783956,0.02742718844325547,0.6697326571275477,0.00615862632539042,0.009978904155248028,0.003059590737921041,0.09133722999212356,0.008593668703845977,0.0142770789472576,3
0.033281342397230775,0.03566903155119643,0.12791162312052226,0.06308278445168357,0.1527269484270362,0.008781723437507655,0.06607001269035621,0.2867172162129358,0.10918916747856149,0.1165701502329699,4
0.09739672833763478,0.21490011456286084,0.037936622159699715,0.08703617417417596,0.043435209514986486,0.010119460576958537,0.004870695171566428,0.43175609665549214,0.05984704712126351,0.012701851725361406,7
0.5772253333570232,0.13909949459457718,0.006125529651789033,0.23967522105294195,0.004707777354242898,0.006720352953354591,0.0009842401694255016,0.008210433691085341,0.014943373406161786,0.002308243769398729,1
0.03354858966127562,0.44547861158891006,0.03473762403491788,0.035788196990430836,0.054108753532420444,0.022128023038840667,0.011910473106232711,0.09549541864889828,0.21161985601969227,0.05518445337838181,8
0.8456165258342245,0.018866690448733625,0.00024462121261029974,0.009851845830631426,0.0014041560959544659,0.11942894534035454,0.0007163221731409272,0.0010891054350854641,0.0020260701780067587,0.0007557174512580969,0
0.026207215350222725,0.06318857718761027,0.0004972465951106148,0.011287514311539144,0.0007872862862900932,0.8059437919043145,0.0004270986171805956,0.0005997367659776672,0.09035126064182702,0.0007102723399273324,1
0.09288282449332037,0.09970151929508966,0.3176670119218078,0.18952219981630067,0.04015407056330546,0.008942119679506056,0.002442116025058125,0.16151170289598535,0.050572094265129694,0.036604341044496794,2
0.9759731087949713,0.0006142823696659649,4.960050039069307e-06,0.002193687265905787,1.6284213787548325e-05,0.021015900952602258,3.0337720630821775e-06,2.7843574646558607e-05,0.00013035262185519521,2.0546384463136646e-05,0
0.005017253824776918,0.003204693282424588,0.002959100351124825,0.007722717271540602,0.9656106853614227,0.005447764414295501,6.103799374095323e-05,0.0005224051807036218,0.007785287266731751,0.0016690550532386717,4
0.026747932125765636,0.1495761546257548,0.027364289361641994,0.061546409225855817,0.0339906807803385,0.012321261355993596,0.3141530429394548,0.19398163748800015,0.13215534730523093,0.04816324479196404,7
0.016749202816710176,0.13436943465062542,0.3532712057384825,0.049575154191742625,0.02609155139440405,0.0119144941819333,0.10292824947828218,0.1805604153315799,0.07221014265443562,0.052330149561803964,2
0.0010478684206161836,4.4696616083131274e-07,1.0729198895579725e-07,2.1201850874556047e-05,4.979201710706569e-07,0.9984679238937525,7.958724251672251e-08,5.9574367295877525e-08,0.00045640439895010753,5.410095875569387e-06,0
0.04300554288278851,0.05044935917199642,0.22175601952796362,0.06484015998016891,0.07665753471831267,0.020419394310176316,0.1644283080971898,0.1051172750857768,0.0468891794914806,0.20643722673414636,9
0.05976135635290308,0.11619879589231161,0.0639029365278206,0.2094431183064114,0.019837553180872148,0.03768013113300908,0.003480429551213997,0.37848295497451084,0.062449112321528756,0.048763611759418596,7
0.03957638645765329,0.3980793273433748,0.023448290262314847,0.11122845327224183,0.05910497077511483,0.011335834248328704,0.08171070143667773,0.11383532478290188,0.0671346536835359,0.0945460577378559,1
0.06403104313591501,0.07421842283815083,0.009125847698494553,0.1008143643363751,0.35270903516467395,0.052053698929403557,0.15521298083351537,0.09097223786511763,0.028457349470006565,0.07240501972834765,4
0.051459003615156367,0.005116703432358223,0.0007353725922281457,0.0022703530490158033,0.4329608306567644,0.5028953535055922,0.0006286757485767467,0.0010138585863293439,0.0020663516379167872,0.0008534971760613904,4
0.535152882925647,0.03061603210001298,0.024981515638568985,0.12921828892045206,0.01891293485406745,0.027531745406461132,0.0642072008781201,0.04803142920381658,0.07312250377006588,0.04822546630278839,0
0.010128461833343653,0.8644808819537557,0.003956903129829193,0.024253303812133226,0.007987141285360114,0.011666314219039879,0.002191891668445616,0.008471314063051976,0.05727794250385203,0.009585845531188469,1
0.000906354059643806,0.007903464119619468,0.0008862503328457981,0.005276336271422044,0.00282550180222607,0.9726449524742024,0.0019011248154252578,0.003540538944632997,0.0029170128656848472,0.001198464314297429,5
0.1040167172925842,0.03942982256528451,0.01523111606539447,0.13750884210867315,0.1998235532141314,0.013099812177919194,0.0015191143708058461,0.028584948800029014,0.032934647672350326,0.42785142573282775,9
0.04385823431075537,0.0704048558994247,0.043220156365473314,0.19525063444296523,0.06461448570589191,0.022644127175171242,0.08049973254705868,0.19038973887953867,0.08962317684617437,0.19949485782754667,3
0.037920835242684615,0.13288434617453423,0.4641398981946381,0.05109793989455655,0.003195572638023953,0.0066778587984172395,0.002091550496377061,0.05792765317747971,0.23646220923758046,0.007602136145708142,2
0.03271551141576821,0.2503162008272206,0.10882271120059402,0.09444353185685618,0.049277058974248604,0.025447556716030093,0.0788733316300859,0.20794483155068344,0.04999915450234994,0.10216011132616304,1
0.15419664933506805,0.058536640953068604,0.0027624961695652036,0.03618245073994279,0.4539049764385067,0.165695184418379,0.003811835997328226,0.019112621530364433,0.07904521043363183,0.026751933984144896,4
0.062479333423334525,0.036093115986485055,0.06175368768994461,0.2630674041735031,0.053717946654671105,0.04006314169650004,0.005437141870927687,0.3220284201859432,0.1109914585280663,0.04436834979062401,7
0.06895735303171124,0.03602671532857671,0.006027178703260598,0.026279608108870374,0.6330187373075049,0.03812735032332082,0.0014859929422545164,0.03677348282902373,0.09645156132659648,0.05685202009888017,4
0.06920160916815768,0.25640570370845606,0.03829278826375182,0.13563699637868226,0.04432049791942156,0.011811888723064698,0.013179676259997549,0.14731052359971683,0.08807613131891072,0.1957641846598405,1
0.09682632270586686,0.05617167587823141,0.00599728701644023,0.043621875337704695,0.528329219469087,0.017157329682434448,0.0024954131506102224,0.05284932676475348,0.11337781028224224,0.08317373971262965,4
0.02028622593657687,0.1226117043080062,0.4111368296100011,0.09802607167489259,0.10780949425888757,0.01809329209986351,0.012044634802471196,0.10420978963943806,0.03200490734819946,0.07377705032166355,2
0.06529110395769006,0.1735442328203245,0.05399386082510041,0.15741746133281662,0.0760887917949828,0.05444938866979793,0.05401007677106641,0.16716983171522948,0.06778151575659189,0.1302537363563999,7
0.03319464799326656,0.3037339594764307,0.01563128734892883,0.07639942822755924,0.46564770695970453,0.011768268400541362,0.00030129547666010606,0.005680130495602146,0.061227542251900545,0.02641573336940624,9
0.029514020628489422,0.08850846958262085,0.07219591654205113,0.07638914677717148,0.18762382969688834,0.016037606238250766,0.16407309593439928,0.14047857749398932,0.04606232719046576,0.17911700991567292,4
0.024629880436237275,0.09752867455381319,0.05079182110162817,0.13273980910926755,0.08156206686225417,0.011208155817904618,0.28656803386214874,0.11740617529446883,0.0766492735966537,0.12091610936562372,7
0.10572136893049326,0.22874577087675407,0.03689417813748486,0.09585438320061523,0.1473761343826563,0.009182707269079701,0.0015599905862615576,0.16860029695433768,0.1405733067780497,0.06549186288426798,8
0.12777775840983205,0.02156336221325597,0.04866789118821022,0.05388620211988914,0.01636191849392374,0.11657274114425167,0.4562634573380478,0.022768540303320258,0.05114058373515069,0.0849975450541189,6
0.015950151786292017,0.03940396580109537,0.07467441363966128,0.05291614598221014,0.03548384965686462,0.0038748594877232438,0.5876856640730457,0.04821780872117264,0.029945543293035462,0.11184759755889967,6
0.022386932415673823,0.010419406241287954,0.0016187500003080712,0.08347453079600899,0.06682856752358718,0.05663573124094956,0.6770049898277065,0.0048295157328709145,0.0606726571323157,0.016128919089291486,6
0.008754130366302407,0.5998639467045371,0.003050152809361033,0.064513527220305,0.011458005331707188,0.01358526950603568,0.0012197833647805177,0.014022059426669923,0.2503357344769205,0.03319739079338073,1
0.34390945461833927,0.057773868597285546,0.0010221555606211167,0.5364431620639502,0.010303460393437385,0.026067298189167185,0.0010573561013934036,0.009801176669358622,0.005864515821833849,0.007757551984613231,3
0.07918698779125875,0.08200265297875513,0.0320509082552063,0.2272318144187716,0.14915343675411666,0.02450952821894356,0.023748522639888275,0.10640498773626408,0.025195362008624524,0.25051579919817124,0
0.8607196892657454,0.02309651393568489,0.001018688480408673,0.020984669665585553,0.0026105902283028227,0.0039624084620816695,0.00036561654749137253,0.002987421732264559,0.0640421090828445,0.02021229259959038,0
0.04400382732101496,0.022119620065098232,0.005616117463506727,0.24071594350262548,0.13499879909517576,0.129776108109504,0.22606289276221755,0.010626562518316956,0.054087444815129476,0.13199268434741104,6
0.6855668053773062,0.04858195578957965,0.0504735814402017,0.0725342567074082,0.02362909687444908,0.012757632026387793,0.003013188948363341,0.024928638985266486,0.06686803791554914,0.011646805935488797,0
0.01221532158388809,0.010714853173043805,0.8566928554325395,0.038251026639915434,0.01284816008866186,0.01893204125421935,0.005362230350358907,0.022055083325570584,0.012366497917556493,0.01056193023424632,2
